INSERT INTO BUDGET (ID, VERSION, NAME) VALUES ('9c51b774-0e19-4ddd-9b47-63579d1b1d39', 1, 'FY26');
INSERT INTO CATEGORY (ID, VERSION, NAME) VALUES ('462e5dd1-b093-46f1-a541-d2d13dbe2fda', 1, 'Budget Category');
INSERT INTO CATEGORY_VALUE (ID, CATEGORY, NAME) VALUES ('d5359d7b-2305-4885-88ae-42ce98dfb361', '462e5dd1-b093-46f1-a541-d2d13dbe2fda', 'People');
INSERT INTO CATEGORY_VALUE (ID, CATEGORY, NAME) VALUES ('56507f30-df26-4741-8905-c3252ddacdba', '462e5dd1-b093-46f1-a541-d2d13dbe2fda', 'Programs');
INSERT INTO CATEGORY_VALUE (ID, CATEGORY, NAME) VALUES ('7ee5febb-5bb5-4b23-9848-bd254085a7be', '462e5dd1-b093-46f1-a541-d2d13dbe2fda', 'Technology');
INSERT INTO CATEGORY_VALUE (ID, CATEGORY, NAME) VALUES ('4d2743b5-cca2-4873-88f1-a617e13cec00', '462e5dd1-b093-46f1-a541-d2d13dbe2fda', 'Operations');
INSERT INTO CATEGORY (ID, VERSION, NAME) VALUES ('50d187a1-2fa8-4054-b7ca-db2c177b8d05', 1, 'Activity Type');
INSERT INTO CATEGORY_VALUE (ID, CATEGORY, NAME) VALUES ('3d45a18f-5307-463c-b002-5de26e288b9f', '50d187a1-2fa8-4054-b7ca-db2c177b8d05', 'Headcount');
INSERT INTO CATEGORY_VALUE (ID, CATEGORY, NAME) VALUES ('d515d570-09a2-42c8-9c8f-eb5cb8e21fed', '50d187a1-2fa8-4054-b7ca-db2c177b8d05', 'Digital Advertising');
INSERT INTO CATEGORY_VALUE (ID, CATEGORY, NAME) VALUES ('f820d362-9291-4892-a740-845dd437d60b', '50d187a1-2fa8-4054-b7ca-db2c177b8d05', 'Field Event');
INSERT INTO CATEGORY_VALUE (ID, CATEGORY, NAME) VALUES ('fa8048cc-785b-4b81-b289-6d3bea6fced6', '50d187a1-2fa8-4054-b7ca-db2c177b8d05', 'Brand');
INSERT INTO CATEGORY_VALUE (ID, CATEGORY, NAME) VALUES ('0f733277-f058-4759-82cd-453cba4a1211', '50d187a1-2fa8-4054-b7ca-db2c177b8d05', 'Content Creation');
INSERT INTO CATEGORY_VALUE (ID, CATEGORY, NAME) VALUES ('cf0edf5c-c8d0-418e-ba1e-19754e551a0b', '50d187a1-2fa8-4054-b7ca-db2c177b8d05', 'ABM');
INSERT INTO CATEGORY_VALUE (ID, CATEGORY, NAME) VALUES ('75a00b85-8a1a-4742-9ab7-d3c78ac84b03', '50d187a1-2fa8-4054-b7ca-db2c177b8d05', 'Partner Marketing');
INSERT INTO CATEGORY_VALUE (ID, CATEGORY, NAME) VALUES ('4a62a0af-1b34-4682-8d8b-17477a87397c', '50d187a1-2fa8-4054-b7ca-db2c177b8d05', 'Marketing Ops');
INSERT INTO CATEGORY_VALUE (ID, CATEGORY, NAME) VALUES ('bf235404-8655-4d28-8499-f67119c1a6fa', '50d187a1-2fa8-4054-b7ca-db2c177b8d05', 'Website');
INSERT INTO CATEGORY_VALUE (ID, CATEGORY, NAME) VALUES ('9c277d9d-b05c-48bf-879b-f3603432d3f5', '50d187a1-2fa8-4054-b7ca-db2c177b8d05', 'General');
INSERT INTO CATEGORY (ID, VERSION, NAME) VALUES ('2af0c732-6987-45f4-89d0-108138d9d0e1', 1, 'Funnel Stage');
INSERT INTO CATEGORY_VALUE (ID, CATEGORY, NAME) VALUES ('33e594bd-4042-49d7-83f7-e4aa1fcb8233', '2af0c732-6987-45f4-89d0-108138d9d0e1', 'N/A');
INSERT INTO CATEGORY_VALUE (ID, CATEGORY, NAME) VALUES ('57018c9b-21a9-4dc6-be5e-577333e87f5d', '2af0c732-6987-45f4-89d0-108138d9d0e1', 'Consideration');
INSERT INTO CATEGORY_VALUE (ID, CATEGORY, NAME) VALUES ('f4f9e2f3-733a-4a06-a1f0-e2fb2b75cd06', '2af0c732-6987-45f4-89d0-108138d9d0e1', 'Conversion');
INSERT INTO CATEGORY_VALUE (ID, CATEGORY, NAME) VALUES ('e6a89b15-7ce3-4e4f-932b-6855d75b39e2', '2af0c732-6987-45f4-89d0-108138d9d0e1', 'Awareness');
INSERT INTO CATEGORY (ID, VERSION, NAME) VALUES ('10cc8cec-078a-4c2a-bb95-b0cfa9c9ae76', 1, 'Region');
INSERT INTO CATEGORY_VALUE (ID, CATEGORY, NAME) VALUES ('c62417da-c0e2-4e44-9b20-454520d3aa9e', '10cc8cec-078a-4c2a-bb95-b0cfa9c9ae76', 'Global');
INSERT INTO CATEGORY_VALUE (ID, CATEGORY, NAME) VALUES ('34413a26-1982-445b-8610-dc65574089c7', '10cc8cec-078a-4c2a-bb95-b0cfa9c9ae76', 'North America');
INSERT INTO CATEGORY_VALUE (ID, CATEGORY, NAME) VALUES ('cc069964-1b59-4410-a2f5-bb8e8eedfae6', '10cc8cec-078a-4c2a-bb95-b0cfa9c9ae76', 'EMEA');
INSERT INTO CATEGORY (ID, VERSION, NAME) VALUES ('ed514409-2d24-47eb-82a5-6b0b484059a3', 1, 'Expense Type');
INSERT INTO CATEGORY_VALUE (ID, CATEGORY, NAME) VALUES ('5d2270be-eead-4513-806a-86bdbf3e5b3d', 'ed514409-2d24-47eb-82a5-6b0b484059a3', 'Salaries & Benefits');
INSERT INTO CATEGORY_VALUE (ID, CATEGORY, NAME) VALUES ('91cbb127-9b6f-4c06-b5a4-16ccbb900419', 'ed514409-2d24-47eb-82a5-6b0b484059a3', 'Ad Spend');
INSERT INTO CATEGORY_VALUE (ID, CATEGORY, NAME) VALUES ('080b4dab-a165-4823-b1d6-7eb1f01044b9', 'ed514409-2d24-47eb-82a5-6b0b484059a3', 'Program Spend');
INSERT INTO CATEGORY_VALUE (ID, CATEGORY, NAME) VALUES ('339150c9-4cac-477c-84e4-1538045ed605', 'ed514409-2d24-47eb-82a5-6b0b484059a3', 'Sponsorship');
INSERT INTO CATEGORY_VALUE (ID, CATEGORY, NAME) VALUES ('cec7d2a8-cef4-463f-b9c1-548f2dbccc94', 'ed514409-2d24-47eb-82a5-6b0b484059a3', 'T&E');
INSERT INTO CATEGORY_VALUE (ID, CATEGORY, NAME) VALUES ('9bfe97ca-8146-4733-997d-7bc21d9d3a27', 'ed514409-2d24-47eb-82a5-6b0b484059a3', 'Agency Fees');
INSERT INTO CATEGORY_VALUE (ID, CATEGORY, NAME) VALUES ('8d91d703-f455-4b07-b74c-3ff76110819d', 'ed514409-2d24-47eb-82a5-6b0b484059a3', 'Contractor');
INSERT INTO CATEGORY_VALUE (ID, CATEGORY, NAME) VALUES ('2e0dd25e-9f9c-4cf1-97cd-c6b3b19cd244', 'ed514409-2d24-47eb-82a5-6b0b484059a3', 'Software');
INSERT INTO CATEGORY_VALUE (ID, CATEGORY, NAME) VALUES ('38edaa44-4f75-4a02-8cba-38dbec2ba787', 'ed514409-2d24-47eb-82a5-6b0b484059a3', 'Service');
INSERT INTO CATEGORY_VALUE (ID, CATEGORY, NAME) VALUES ('313e4586-7f51-4af2-b5da-290888097dec', 'ed514409-2d24-47eb-82a5-6b0b484059a3', 'Goods');
INSERT INTO LINE_ITEM (ID, BUDGET_ID, VERSION, NAME) VALUES ('f2d2a2e4-8dbf-420b-9012-365cb99b2f2b', '9c51b774-0e19-4ddd-9b47-63579d1b1d39', 1, 'Salaries, Benefits, Taxes (15 FTEs)');
INSERT INTO CATEGORIZATION (LINE_ITEM, CATEGORY_ID, CATEGORY_VALUE_ID) VALUES ('f2d2a2e4-8dbf-420b-9012-365cb99b2f2b', '462e5dd1-b093-46f1-a541-d2d13dbe2fda', 'd5359d7b-2305-4885-88ae-42ce98dfb361');
INSERT INTO CATEGORIZATION (LINE_ITEM, CATEGORY_ID, CATEGORY_VALUE_ID) VALUES ('f2d2a2e4-8dbf-420b-9012-365cb99b2f2b', '50d187a1-2fa8-4054-b7ca-db2c177b8d05', '3d45a18f-5307-463c-b002-5de26e288b9f');
INSERT INTO CATEGORIZATION (LINE_ITEM, CATEGORY_ID, CATEGORY_VALUE_ID) VALUES ('f2d2a2e4-8dbf-420b-9012-365cb99b2f2b', '2af0c732-6987-45f4-89d0-108138d9d0e1', '33e594bd-4042-49d7-83f7-e4aa1fcb8233');
INSERT INTO CATEGORIZATION (LINE_ITEM, CATEGORY_ID, CATEGORY_VALUE_ID) VALUES ('f2d2a2e4-8dbf-420b-9012-365cb99b2f2b', '10cc8cec-078a-4c2a-bb95-b0cfa9c9ae76', 'c62417da-c0e2-4e44-9b20-454520d3aa9e');
INSERT INTO CATEGORIZATION (LINE_ITEM, CATEGORY_ID, CATEGORY_VALUE_ID) VALUES ('f2d2a2e4-8dbf-420b-9012-365cb99b2f2b', 'ed514409-2d24-47eb-82a5-6b0b484059a3', '5d2270be-eead-4513-806a-86bdbf3e5b3d');
INSERT INTO SPEND (LINE_ITEM, SPEND_DAY, AMOUNT) VALUES ('f2d2a2e4-8dbf-420b-9012-365cb99b2f2b', '2026-01-31', 150000);
INSERT INTO SPEND (LINE_ITEM, SPEND_DAY, AMOUNT) VALUES ('f2d2a2e4-8dbf-420b-9012-365cb99b2f2b', '2026-02-28', 150000);
INSERT INTO SPEND (LINE_ITEM, SPEND_DAY, AMOUNT) VALUES ('f2d2a2e4-8dbf-420b-9012-365cb99b2f2b', '2026-03-31', 150000);
INSERT INTO SPEND (LINE_ITEM, SPEND_DAY, AMOUNT) VALUES ('f2d2a2e4-8dbf-420b-9012-365cb99b2f2b', '2026-04-30', 150000);
INSERT INTO SPEND (LINE_ITEM, SPEND_DAY, AMOUNT) VALUES ('f2d2a2e4-8dbf-420b-9012-365cb99b2f2b', '2026-05-31', 150000);
INSERT INTO SPEND (LINE_ITEM, SPEND_DAY, AMOUNT) VALUES ('f2d2a2e4-8dbf-420b-9012-365cb99b2f2b', '2026-06-30', 150000);
INSERT INTO SPEND (LINE_ITEM, SPEND_DAY, AMOUNT) VALUES ('f2d2a2e4-8dbf-420b-9012-365cb99b2f2b', '2026-07-31', 150000);
INSERT INTO SPEND (LINE_ITEM, SPEND_DAY, AMOUNT) VALUES ('f2d2a2e4-8dbf-420b-9012-365cb99b2f2b', '2026-08-31', 150000);
INSERT INTO SPEND (LINE_ITEM, SPEND_DAY, AMOUNT) VALUES ('f2d2a2e4-8dbf-420b-9012-365cb99b2f2b', '2026-09-30', 150000);
INSERT INTO SPEND (LINE_ITEM, SPEND_DAY, AMOUNT) VALUES ('f2d2a2e4-8dbf-420b-9012-365cb99b2f2b', '2026-10-31', 150000);
INSERT INTO SPEND (LINE_ITEM, SPEND_DAY, AMOUNT) VALUES ('f2d2a2e4-8dbf-420b-9012-365cb99b2f2b', '2026-11-30', 150000);
INSERT INTO SPEND (LINE_ITEM, SPEND_DAY, AMOUNT) VALUES ('f2d2a2e4-8dbf-420b-9012-365cb99b2f2b', '2026-12-31', 150000);
INSERT INTO LINE_ITEM (ID, BUDGET_ID, VERSION, NAME) VALUES ('c7fe775c-2c2f-4e28-b628-44085dc63675', '9c51b774-0e19-4ddd-9b47-63579d1b1d39', 1, 'LinkedIn Ads');
INSERT INTO CATEGORIZATION (LINE_ITEM, CATEGORY_ID, CATEGORY_VALUE_ID) VALUES ('c7fe775c-2c2f-4e28-b628-44085dc63675', '462e5dd1-b093-46f1-a541-d2d13dbe2fda', '56507f30-df26-4741-8905-c3252ddacdba');
INSERT INTO CATEGORIZATION (LINE_ITEM, CATEGORY_ID, CATEGORY_VALUE_ID) VALUES ('c7fe775c-2c2f-4e28-b628-44085dc63675', '50d187a1-2fa8-4054-b7ca-db2c177b8d05', 'd515d570-09a2-42c8-9c8f-eb5cb8e21fed');
INSERT INTO CATEGORIZATION (LINE_ITEM, CATEGORY_ID, CATEGORY_VALUE_ID) VALUES ('c7fe775c-2c2f-4e28-b628-44085dc63675', '2af0c732-6987-45f4-89d0-108138d9d0e1', '57018c9b-21a9-4dc6-be5e-577333e87f5d');
INSERT INTO CATEGORIZATION (LINE_ITEM, CATEGORY_ID, CATEGORY_VALUE_ID) VALUES ('c7fe775c-2c2f-4e28-b628-44085dc63675', '10cc8cec-078a-4c2a-bb95-b0cfa9c9ae76', 'c62417da-c0e2-4e44-9b20-454520d3aa9e');
INSERT INTO CATEGORIZATION (LINE_ITEM, CATEGORY_ID, CATEGORY_VALUE_ID) VALUES ('c7fe775c-2c2f-4e28-b628-44085dc63675', 'ed514409-2d24-47eb-82a5-6b0b484059a3', '91cbb127-9b6f-4c06-b5a4-16ccbb900419');
INSERT INTO SPEND (LINE_ITEM, SPEND_DAY, AMOUNT) VALUES ('c7fe775c-2c2f-4e28-b628-44085dc63675', '2026-01-31', 30000);
INSERT INTO SPEND (LINE_ITEM, SPEND_DAY, AMOUNT) VALUES ('c7fe775c-2c2f-4e28-b628-44085dc63675', '2026-02-28', 30000);
INSERT INTO SPEND (LINE_ITEM, SPEND_DAY, AMOUNT) VALUES ('c7fe775c-2c2f-4e28-b628-44085dc63675', '2026-03-31', 30000);
INSERT INTO SPEND (LINE_ITEM, SPEND_DAY, AMOUNT) VALUES ('c7fe775c-2c2f-4e28-b628-44085dc63675', '2026-04-30', 35000);
INSERT INTO SPEND (LINE_ITEM, SPEND_DAY, AMOUNT) VALUES ('c7fe775c-2c2f-4e28-b628-44085dc63675', '2026-05-31', 40000);
INSERT INTO SPEND (LINE_ITEM, SPEND_DAY, AMOUNT) VALUES ('c7fe775c-2c2f-4e28-b628-44085dc63675', '2026-06-30', 40000);
INSERT INTO SPEND (LINE_ITEM, SPEND_DAY, AMOUNT) VALUES ('c7fe775c-2c2f-4e28-b628-44085dc63675', '2026-07-31', 40000);
INSERT INTO SPEND (LINE_ITEM, SPEND_DAY, AMOUNT) VALUES ('c7fe775c-2c2f-4e28-b628-44085dc63675', '2026-08-31', 40000);
INSERT INTO SPEND (LINE_ITEM, SPEND_DAY, AMOUNT) VALUES ('c7fe775c-2c2f-4e28-b628-44085dc63675', '2026-09-30', 35000);
INSERT INTO SPEND (LINE_ITEM, SPEND_DAY, AMOUNT) VALUES ('c7fe775c-2c2f-4e28-b628-44085dc63675', '2026-10-31', 30000);
INSERT INTO SPEND (LINE_ITEM, SPEND_DAY, AMOUNT) VALUES ('c7fe775c-2c2f-4e28-b628-44085dc63675', '2026-11-30', 25000);
INSERT INTO SPEND (LINE_ITEM, SPEND_DAY, AMOUNT) VALUES ('c7fe775c-2c2f-4e28-b628-44085dc63675', '2026-12-31', 25000);
INSERT INTO LINE_ITEM (ID, BUDGET_ID, VERSION, NAME) VALUES ('0800321c-55d3-4ff1-9461-5ba71ebe5f66', '9c51b774-0e19-4ddd-9b47-63579d1b1d39', 1, 'Google Ads (Search & Display)');
INSERT INTO CATEGORIZATION (LINE_ITEM, CATEGORY_ID, CATEGORY_VALUE_ID) VALUES ('0800321c-55d3-4ff1-9461-5ba71ebe5f66', '462e5dd1-b093-46f1-a541-d2d13dbe2fda', '56507f30-df26-4741-8905-c3252ddacdba');
INSERT INTO CATEGORIZATION (LINE_ITEM, CATEGORY_ID, CATEGORY_VALUE_ID) VALUES ('0800321c-55d3-4ff1-9461-5ba71ebe5f66', '50d187a1-2fa8-4054-b7ca-db2c177b8d05', 'd515d570-09a2-42c8-9c8f-eb5cb8e21fed');
INSERT INTO CATEGORIZATION (LINE_ITEM, CATEGORY_ID, CATEGORY_VALUE_ID) VALUES ('0800321c-55d3-4ff1-9461-5ba71ebe5f66', '2af0c732-6987-45f4-89d0-108138d9d0e1', '57018c9b-21a9-4dc6-be5e-577333e87f5d');
INSERT INTO CATEGORIZATION (LINE_ITEM, CATEGORY_ID, CATEGORY_VALUE_ID) VALUES ('0800321c-55d3-4ff1-9461-5ba71ebe5f66', '10cc8cec-078a-4c2a-bb95-b0cfa9c9ae76', 'c62417da-c0e2-4e44-9b20-454520d3aa9e');
INSERT INTO CATEGORIZATION (LINE_ITEM, CATEGORY_ID, CATEGORY_VALUE_ID) VALUES ('0800321c-55d3-4ff1-9461-5ba71ebe5f66', 'ed514409-2d24-47eb-82a5-6b0b484059a3', '91cbb127-9b6f-4c06-b5a4-16ccbb900419');
INSERT INTO SPEND (LINE_ITEM, SPEND_DAY, AMOUNT) VALUES ('0800321c-55d3-4ff1-9461-5ba71ebe5f66', '2026-01-31', 18000);
INSERT INTO SPEND (LINE_ITEM, SPEND_DAY, AMOUNT) VALUES ('0800321c-55d3-4ff1-9461-5ba71ebe5f66', '2026-02-28', 18000);
INSERT INTO SPEND (LINE_ITEM, SPEND_DAY, AMOUNT) VALUES ('0800321c-55d3-4ff1-9461-5ba71ebe5f66', '2026-03-31', 20000);
INSERT INTO SPEND (LINE_ITEM, SPEND_DAY, AMOUNT) VALUES ('0800321c-55d3-4ff1-9461-5ba71ebe5f66', '2026-04-30', 22000);
INSERT INTO SPEND (LINE_ITEM, SPEND_DAY, AMOUNT) VALUES ('0800321c-55d3-4ff1-9461-5ba71ebe5f66', '2026-05-31', 25000);
INSERT INTO SPEND (LINE_ITEM, SPEND_DAY, AMOUNT) VALUES ('0800321c-55d3-4ff1-9461-5ba71ebe5f66', '2026-06-30', 25000);
INSERT INTO SPEND (LINE_ITEM, SPEND_DAY, AMOUNT) VALUES ('0800321c-55d3-4ff1-9461-5ba71ebe5f66', '2026-07-31', 25000);
INSERT INTO SPEND (LINE_ITEM, SPEND_DAY, AMOUNT) VALUES ('0800321c-55d3-4ff1-9461-5ba71ebe5f66', '2026-08-31', 22000);
INSERT INTO SPEND (LINE_ITEM, SPEND_DAY, AMOUNT) VALUES ('0800321c-55d3-4ff1-9461-5ba71ebe5f66', '2026-09-30', 20000);
INSERT INTO SPEND (LINE_ITEM, SPEND_DAY, AMOUNT) VALUES ('0800321c-55d3-4ff1-9461-5ba71ebe5f66', '2026-10-31', 20000);
INSERT INTO SPEND (LINE_ITEM, SPEND_DAY, AMOUNT) VALUES ('0800321c-55d3-4ff1-9461-5ba71ebe5f66', '2026-11-30', 18000);
INSERT INTO SPEND (LINE_ITEM, SPEND_DAY, AMOUNT) VALUES ('0800321c-55d3-4ff1-9461-5ba71ebe5f66', '2026-12-31', 17000);
INSERT INTO LINE_ITEM (ID, BUDGET_ID, VERSION, NAME) VALUES ('c21a5a85-a543-4668-ad79-0de36791cc39', '9c51b774-0e19-4ddd-9b47-63579d1b1d39', 1, 'Review Sites (G2, Capterra)');
INSERT INTO CATEGORIZATION (LINE_ITEM, CATEGORY_ID, CATEGORY_VALUE_ID) VALUES ('c21a5a85-a543-4668-ad79-0de36791cc39', '462e5dd1-b093-46f1-a541-d2d13dbe2fda', '56507f30-df26-4741-8905-c3252ddacdba');
INSERT INTO CATEGORIZATION (LINE_ITEM, CATEGORY_ID, CATEGORY_VALUE_ID) VALUES ('c21a5a85-a543-4668-ad79-0de36791cc39', '50d187a1-2fa8-4054-b7ca-db2c177b8d05', 'd515d570-09a2-42c8-9c8f-eb5cb8e21fed');
INSERT INTO CATEGORIZATION (LINE_ITEM, CATEGORY_ID, CATEGORY_VALUE_ID) VALUES ('c21a5a85-a543-4668-ad79-0de36791cc39', '2af0c732-6987-45f4-89d0-108138d9d0e1', 'f4f9e2f3-733a-4a06-a1f0-e2fb2b75cd06');
INSERT INTO CATEGORIZATION (LINE_ITEM, CATEGORY_ID, CATEGORY_VALUE_ID) VALUES ('c21a5a85-a543-4668-ad79-0de36791cc39', '10cc8cec-078a-4c2a-bb95-b0cfa9c9ae76', 'c62417da-c0e2-4e44-9b20-454520d3aa9e');
INSERT INTO CATEGORIZATION (LINE_ITEM, CATEGORY_ID, CATEGORY_VALUE_ID) VALUES ('c21a5a85-a543-4668-ad79-0de36791cc39', 'ed514409-2d24-47eb-82a5-6b0b484059a3', '91cbb127-9b6f-4c06-b5a4-16ccbb900419');
INSERT INTO SPEND (LINE_ITEM, SPEND_DAY, AMOUNT) VALUES ('c21a5a85-a543-4668-ad79-0de36791cc39', '2026-01-31', 8000);
INSERT INTO SPEND (LINE_ITEM, SPEND_DAY, AMOUNT) VALUES ('c21a5a85-a543-4668-ad79-0de36791cc39', '2026-02-28', 8000);
INSERT INTO SPEND (LINE_ITEM, SPEND_DAY, AMOUNT) VALUES ('c21a5a85-a543-4668-ad79-0de36791cc39', '2026-03-31', 8000);
INSERT INTO SPEND (LINE_ITEM, SPEND_DAY, AMOUNT) VALUES ('c21a5a85-a543-4668-ad79-0de36791cc39', '2026-04-30', 9000);
INSERT INTO SPEND (LINE_ITEM, SPEND_DAY, AMOUNT) VALUES ('c21a5a85-a543-4668-ad79-0de36791cc39', '2026-05-31', 9000);
INSERT INTO SPEND (LINE_ITEM, SPEND_DAY, AMOUNT) VALUES ('c21a5a85-a543-4668-ad79-0de36791cc39', '2026-06-30', 9000);
INSERT INTO SPEND (LINE_ITEM, SPEND_DAY, AMOUNT) VALUES ('c21a5a85-a543-4668-ad79-0de36791cc39', '2026-07-31', 9000);
INSERT INTO SPEND (LINE_ITEM, SPEND_DAY, AMOUNT) VALUES ('c21a5a85-a543-4668-ad79-0de36791cc39', '2026-08-31', 9000);
INSERT INTO SPEND (LINE_ITEM, SPEND_DAY, AMOUNT) VALUES ('c21a5a85-a543-4668-ad79-0de36791cc39', '2026-09-30', 9000);
INSERT INTO SPEND (LINE_ITEM, SPEND_DAY, AMOUNT) VALUES ('c21a5a85-a543-4668-ad79-0de36791cc39', '2026-10-31', 8000);
INSERT INTO SPEND (LINE_ITEM, SPEND_DAY, AMOUNT) VALUES ('c21a5a85-a543-4668-ad79-0de36791cc39', '2026-11-30', 7000);
INSERT INTO SPEND (LINE_ITEM, SPEND_DAY, AMOUNT) VALUES ('c21a5a85-a543-4668-ad79-0de36791cc39', '2026-12-31', 7000);
INSERT INTO LINE_ITEM (ID, BUDGET_ID, VERSION, NAME) VALUES ('f9bc41e9-f42b-4936-8e86-3ff2692ef436', '9c51b774-0e19-4ddd-9b47-63579d1b1d39', 1, 'Content Syndication Program');
INSERT INTO CATEGORIZATION (LINE_ITEM, CATEGORY_ID, CATEGORY_VALUE_ID) VALUES ('f9bc41e9-f42b-4936-8e86-3ff2692ef436', '462e5dd1-b093-46f1-a541-d2d13dbe2fda', '56507f30-df26-4741-8905-c3252ddacdba');
INSERT INTO CATEGORIZATION (LINE_ITEM, CATEGORY_ID, CATEGORY_VALUE_ID) VALUES ('f9bc41e9-f42b-4936-8e86-3ff2692ef436', '50d187a1-2fa8-4054-b7ca-db2c177b8d05', 'd515d570-09a2-42c8-9c8f-eb5cb8e21fed');
INSERT INTO CATEGORIZATION (LINE_ITEM, CATEGORY_ID, CATEGORY_VALUE_ID) VALUES ('f9bc41e9-f42b-4936-8e86-3ff2692ef436', '2af0c732-6987-45f4-89d0-108138d9d0e1', 'e6a89b15-7ce3-4e4f-932b-6855d75b39e2');
INSERT INTO CATEGORIZATION (LINE_ITEM, CATEGORY_ID, CATEGORY_VALUE_ID) VALUES ('f9bc41e9-f42b-4936-8e86-3ff2692ef436', '10cc8cec-078a-4c2a-bb95-b0cfa9c9ae76', '34413a26-1982-445b-8610-dc65574089c7');
INSERT INTO CATEGORIZATION (LINE_ITEM, CATEGORY_ID, CATEGORY_VALUE_ID) VALUES ('f9bc41e9-f42b-4936-8e86-3ff2692ef436', 'ed514409-2d24-47eb-82a5-6b0b484059a3', '080b4dab-a165-4823-b1d6-7eb1f01044b9');
INSERT INTO SPEND (LINE_ITEM, SPEND_DAY, AMOUNT) VALUES ('f9bc41e9-f42b-4936-8e86-3ff2692ef436', '2026-02-28', 12500);
INSERT INTO SPEND (LINE_ITEM, SPEND_DAY, AMOUNT) VALUES ('f9bc41e9-f42b-4936-8e86-3ff2692ef436', '2026-04-30', 12500);
INSERT INTO SPEND (LINE_ITEM, SPEND_DAY, AMOUNT) VALUES ('f9bc41e9-f42b-4936-8e86-3ff2692ef436', '2026-06-30', 12500);
INSERT INTO SPEND (LINE_ITEM, SPEND_DAY, AMOUNT) VALUES ('f9bc41e9-f42b-4936-8e86-3ff2692ef436', '2026-08-31', 12500);
INSERT INTO LINE_ITEM (ID, BUDGET_ID, VERSION, NAME) VALUES ('b30de5d2-e117-4f75-b243-c66f0599f1c0', '9c51b774-0e19-4ddd-9b47-63579d1b1d39', 1, 'Main Conference: ''DataCon Global''');
INSERT INTO CATEGORIZATION (LINE_ITEM, CATEGORY_ID, CATEGORY_VALUE_ID) VALUES ('b30de5d2-e117-4f75-b243-c66f0599f1c0', '462e5dd1-b093-46f1-a541-d2d13dbe2fda', '56507f30-df26-4741-8905-c3252ddacdba');
INSERT INTO CATEGORIZATION (LINE_ITEM, CATEGORY_ID, CATEGORY_VALUE_ID) VALUES ('b30de5d2-e117-4f75-b243-c66f0599f1c0', '50d187a1-2fa8-4054-b7ca-db2c177b8d05', 'f820d362-9291-4892-a740-845dd437d60b');
INSERT INTO CATEGORIZATION (LINE_ITEM, CATEGORY_ID, CATEGORY_VALUE_ID) VALUES ('b30de5d2-e117-4f75-b243-c66f0599f1c0', '2af0c732-6987-45f4-89d0-108138d9d0e1', 'e6a89b15-7ce3-4e4f-932b-6855d75b39e2');
INSERT INTO CATEGORIZATION (LINE_ITEM, CATEGORY_ID, CATEGORY_VALUE_ID) VALUES ('b30de5d2-e117-4f75-b243-c66f0599f1c0', '10cc8cec-078a-4c2a-bb95-b0cfa9c9ae76', '34413a26-1982-445b-8610-dc65574089c7');
INSERT INTO CATEGORIZATION (LINE_ITEM, CATEGORY_ID, CATEGORY_VALUE_ID) VALUES ('b30de5d2-e117-4f75-b243-c66f0599f1c0', 'ed514409-2d24-47eb-82a5-6b0b484059a3', '339150c9-4cac-477c-84e4-1538045ed605');
INSERT INTO SPEND (LINE_ITEM, SPEND_DAY, AMOUNT) VALUES ('b30de5d2-e117-4f75-b243-c66f0599f1c0', '2026-04-30', 100000);
INSERT INTO SPEND (LINE_ITEM, SPEND_DAY, AMOUNT) VALUES ('b30de5d2-e117-4f75-b243-c66f0599f1c0', '2026-10-31', 100000);
INSERT INTO LINE_ITEM (ID, BUDGET_ID, VERSION, NAME) VALUES ('98b98e3b-f4ff-4be7-b9ef-d124ddd53f76', '9c51b774-0e19-4ddd-9b47-63579d1b1d39', 1, 'DataCon Global - T&E, Booth Logistics');
INSERT INTO CATEGORIZATION (LINE_ITEM, CATEGORY_ID, CATEGORY_VALUE_ID) VALUES ('98b98e3b-f4ff-4be7-b9ef-d124ddd53f76', '462e5dd1-b093-46f1-a541-d2d13dbe2fda', '56507f30-df26-4741-8905-c3252ddacdba');
INSERT INTO CATEGORIZATION (LINE_ITEM, CATEGORY_ID, CATEGORY_VALUE_ID) VALUES ('98b98e3b-f4ff-4be7-b9ef-d124ddd53f76', '50d187a1-2fa8-4054-b7ca-db2c177b8d05', 'f820d362-9291-4892-a740-845dd437d60b');
INSERT INTO CATEGORIZATION (LINE_ITEM, CATEGORY_ID, CATEGORY_VALUE_ID) VALUES ('98b98e3b-f4ff-4be7-b9ef-d124ddd53f76', '2af0c732-6987-45f4-89d0-108138d9d0e1', 'e6a89b15-7ce3-4e4f-932b-6855d75b39e2');
INSERT INTO CATEGORIZATION (LINE_ITEM, CATEGORY_ID, CATEGORY_VALUE_ID) VALUES ('98b98e3b-f4ff-4be7-b9ef-d124ddd53f76', '10cc8cec-078a-4c2a-bb95-b0cfa9c9ae76', '34413a26-1982-445b-8610-dc65574089c7');
INSERT INTO CATEGORIZATION (LINE_ITEM, CATEGORY_ID, CATEGORY_VALUE_ID) VALUES ('98b98e3b-f4ff-4be7-b9ef-d124ddd53f76', 'ed514409-2d24-47eb-82a5-6b0b484059a3', 'cec7d2a8-cef4-463f-b9c1-548f2dbccc94');
INSERT INTO SPEND (LINE_ITEM, SPEND_DAY, AMOUNT) VALUES ('98b98e3b-f4ff-4be7-b9ef-d124ddd53f76', '2026-10-31', 50000);
INSERT INTO LINE_ITEM (ID, BUDGET_ID, VERSION, NAME) VALUES ('33abec51-7c3c-4d49-b251-0b964f8974dc', '9c51b774-0e19-4ddd-9b47-63579d1b1d39', 1, 'EMEA Conference: ''SaaS Summit EU''');
INSERT INTO CATEGORIZATION (LINE_ITEM, CATEGORY_ID, CATEGORY_VALUE_ID) VALUES ('33abec51-7c3c-4d49-b251-0b964f8974dc', '462e5dd1-b093-46f1-a541-d2d13dbe2fda', '56507f30-df26-4741-8905-c3252ddacdba');
INSERT INTO CATEGORIZATION (LINE_ITEM, CATEGORY_ID, CATEGORY_VALUE_ID) VALUES ('33abec51-7c3c-4d49-b251-0b964f8974dc', '50d187a1-2fa8-4054-b7ca-db2c177b8d05', 'f820d362-9291-4892-a740-845dd437d60b');
INSERT INTO CATEGORIZATION (LINE_ITEM, CATEGORY_ID, CATEGORY_VALUE_ID) VALUES ('33abec51-7c3c-4d49-b251-0b964f8974dc', '2af0c732-6987-45f4-89d0-108138d9d0e1', 'e6a89b15-7ce3-4e4f-932b-6855d75b39e2');
INSERT INTO CATEGORIZATION (LINE_ITEM, CATEGORY_ID, CATEGORY_VALUE_ID) VALUES ('33abec51-7c3c-4d49-b251-0b964f8974dc', '10cc8cec-078a-4c2a-bb95-b0cfa9c9ae76', 'cc069964-1b59-4410-a2f5-bb8e8eedfae6');
INSERT INTO CATEGORIZATION (LINE_ITEM, CATEGORY_ID, CATEGORY_VALUE_ID) VALUES ('33abec51-7c3c-4d49-b251-0b964f8974dc', 'ed514409-2d24-47eb-82a5-6b0b484059a3', '339150c9-4cac-477c-84e4-1538045ed605');
INSERT INTO SPEND (LINE_ITEM, SPEND_DAY, AMOUNT) VALUES ('33abec51-7c3c-4d49-b251-0b964f8974dc', '2026-02-28', 50000);
INSERT INTO LINE_ITEM (ID, BUDGET_ID, VERSION, NAME) VALUES ('a1143f65-b3dc-4c4d-905e-3671acd577cd', '9c51b774-0e19-4ddd-9b47-63579d1b1d39', 1, 'SaaS Summit EU - T&E, Booth Logistics');
INSERT INTO CATEGORIZATION (LINE_ITEM, CATEGORY_ID, CATEGORY_VALUE_ID) VALUES ('a1143f65-b3dc-4c4d-905e-3671acd577cd', '462e5dd1-b093-46f1-a541-d2d13dbe2fda', '56507f30-df26-4741-8905-c3252ddacdba');
INSERT INTO CATEGORIZATION (LINE_ITEM, CATEGORY_ID, CATEGORY_VALUE_ID) VALUES ('a1143f65-b3dc-4c4d-905e-3671acd577cd', '50d187a1-2fa8-4054-b7ca-db2c177b8d05', 'f820d362-9291-4892-a740-845dd437d60b');
INSERT INTO CATEGORIZATION (LINE_ITEM, CATEGORY_ID, CATEGORY_VALUE_ID) VALUES ('a1143f65-b3dc-4c4d-905e-3671acd577cd', '2af0c732-6987-45f4-89d0-108138d9d0e1', 'e6a89b15-7ce3-4e4f-932b-6855d75b39e2');
INSERT INTO CATEGORIZATION (LINE_ITEM, CATEGORY_ID, CATEGORY_VALUE_ID) VALUES ('a1143f65-b3dc-4c4d-905e-3671acd577cd', '10cc8cec-078a-4c2a-bb95-b0cfa9c9ae76', 'cc069964-1b59-4410-a2f5-bb8e8eedfae6');
INSERT INTO CATEGORIZATION (LINE_ITEM, CATEGORY_ID, CATEGORY_VALUE_ID) VALUES ('a1143f65-b3dc-4c4d-905e-3671acd577cd', 'ed514409-2d24-47eb-82a5-6b0b484059a3', 'cec7d2a8-cef4-463f-b9c1-548f2dbccc94');
INSERT INTO SPEND (LINE_ITEM, SPEND_DAY, AMOUNT) VALUES ('a1143f65-b3dc-4c4d-905e-3671acd577cd', '2026-05-31', 30000);
INSERT INTO LINE_ITEM (ID, BUDGET_ID, VERSION, NAME) VALUES ('8a4d0ba8-77ec-4998-a3bb-b5f047fcb3c8', '9c51b774-0e19-4ddd-9b47-63579d1b1d39', 1, 'Regional Executive Dinners');
INSERT INTO CATEGORIZATION (LINE_ITEM, CATEGORY_ID, CATEGORY_VALUE_ID) VALUES ('8a4d0ba8-77ec-4998-a3bb-b5f047fcb3c8', '462e5dd1-b093-46f1-a541-d2d13dbe2fda', '56507f30-df26-4741-8905-c3252ddacdba');
INSERT INTO CATEGORIZATION (LINE_ITEM, CATEGORY_ID, CATEGORY_VALUE_ID) VALUES ('8a4d0ba8-77ec-4998-a3bb-b5f047fcb3c8', '50d187a1-2fa8-4054-b7ca-db2c177b8d05', 'f820d362-9291-4892-a740-845dd437d60b');
INSERT INTO CATEGORIZATION (LINE_ITEM, CATEGORY_ID, CATEGORY_VALUE_ID) VALUES ('8a4d0ba8-77ec-4998-a3bb-b5f047fcb3c8', '2af0c732-6987-45f4-89d0-108138d9d0e1', '57018c9b-21a9-4dc6-be5e-577333e87f5d');
INSERT INTO CATEGORIZATION (LINE_ITEM, CATEGORY_ID, CATEGORY_VALUE_ID) VALUES ('8a4d0ba8-77ec-4998-a3bb-b5f047fcb3c8', '10cc8cec-078a-4c2a-bb95-b0cfa9c9ae76', '34413a26-1982-445b-8610-dc65574089c7');
INSERT INTO CATEGORIZATION (LINE_ITEM, CATEGORY_ID, CATEGORY_VALUE_ID) VALUES ('8a4d0ba8-77ec-4998-a3bb-b5f047fcb3c8', 'ed514409-2d24-47eb-82a5-6b0b484059a3', '080b4dab-a165-4823-b1d6-7eb1f01044b9');
INSERT INTO SPEND (LINE_ITEM, SPEND_DAY, AMOUNT) VALUES ('8a4d0ba8-77ec-4998-a3bb-b5f047fcb3c8', '2026-02-28', 20000);
INSERT INTO SPEND (LINE_ITEM, SPEND_DAY, AMOUNT) VALUES ('8a4d0ba8-77ec-4998-a3bb-b5f047fcb3c8', '2026-03-31', 20000);
INSERT INTO SPEND (LINE_ITEM, SPEND_DAY, AMOUNT) VALUES ('8a4d0ba8-77ec-4998-a3bb-b5f047fcb3c8', '2026-05-31', 20000);
INSERT INTO SPEND (LINE_ITEM, SPEND_DAY, AMOUNT) VALUES ('8a4d0ba8-77ec-4998-a3bb-b5f047fcb3c8', '2026-06-30', 20000);
INSERT INTO SPEND (LINE_ITEM, SPEND_DAY, AMOUNT) VALUES ('8a4d0ba8-77ec-4998-a3bb-b5f047fcb3c8', '2026-08-31', 20000);
INSERT INTO SPEND (LINE_ITEM, SPEND_DAY, AMOUNT) VALUES ('8a4d0ba8-77ec-4998-a3bb-b5f047fcb3c8', '2026-09-30', 20000);
INSERT INTO LINE_ITEM (ID, BUDGET_ID, VERSION, NAME) VALUES ('a159aaa3-6b32-4624-83db-d1bb26391c4d', '9c51b774-0e19-4ddd-9b47-63579d1b1d39', 1, 'PR & Communications Agency');
INSERT INTO CATEGORIZATION (LINE_ITEM, CATEGORY_ID, CATEGORY_VALUE_ID) VALUES ('a159aaa3-6b32-4624-83db-d1bb26391c4d', '462e5dd1-b093-46f1-a541-d2d13dbe2fda', '56507f30-df26-4741-8905-c3252ddacdba');
INSERT INTO CATEGORIZATION (LINE_ITEM, CATEGORY_ID, CATEGORY_VALUE_ID) VALUES ('a159aaa3-6b32-4624-83db-d1bb26391c4d', '50d187a1-2fa8-4054-b7ca-db2c177b8d05', 'fa8048cc-785b-4b81-b289-6d3bea6fced6');
INSERT INTO CATEGORIZATION (LINE_ITEM, CATEGORY_ID, CATEGORY_VALUE_ID) VALUES ('a159aaa3-6b32-4624-83db-d1bb26391c4d', '2af0c732-6987-45f4-89d0-108138d9d0e1', 'e6a89b15-7ce3-4e4f-932b-6855d75b39e2');
INSERT INTO CATEGORIZATION (LINE_ITEM, CATEGORY_ID, CATEGORY_VALUE_ID) VALUES ('a159aaa3-6b32-4624-83db-d1bb26391c4d', '10cc8cec-078a-4c2a-bb95-b0cfa9c9ae76', 'c62417da-c0e2-4e44-9b20-454520d3aa9e');
INSERT INTO CATEGORIZATION (LINE_ITEM, CATEGORY_ID, CATEGORY_VALUE_ID) VALUES ('a159aaa3-6b32-4624-83db-d1bb26391c4d', 'ed514409-2d24-47eb-82a5-6b0b484059a3', '9bfe97ca-8146-4733-997d-7bc21d9d3a27');
INSERT INTO SPEND (LINE_ITEM, SPEND_DAY, AMOUNT) VALUES ('a159aaa3-6b32-4624-83db-d1bb26391c4d', '2026-01-31', 12000);
INSERT INTO SPEND (LINE_ITEM, SPEND_DAY, AMOUNT) VALUES ('a159aaa3-6b32-4624-83db-d1bb26391c4d', '2026-02-28', 12000);
INSERT INTO SPEND (LINE_ITEM, SPEND_DAY, AMOUNT) VALUES ('a159aaa3-6b32-4624-83db-d1bb26391c4d', '2026-03-31', 12000);
INSERT INTO SPEND (LINE_ITEM, SPEND_DAY, AMOUNT) VALUES ('a159aaa3-6b32-4624-83db-d1bb26391c4d', '2026-04-30', 12000);
INSERT INTO SPEND (LINE_ITEM, SPEND_DAY, AMOUNT) VALUES ('a159aaa3-6b32-4624-83db-d1bb26391c4d', '2026-05-31', 12000);
INSERT INTO SPEND (LINE_ITEM, SPEND_DAY, AMOUNT) VALUES ('a159aaa3-6b32-4624-83db-d1bb26391c4d', '2026-06-30', 12000);
INSERT INTO SPEND (LINE_ITEM, SPEND_DAY, AMOUNT) VALUES ('a159aaa3-6b32-4624-83db-d1bb26391c4d', '2026-07-31', 12000);
INSERT INTO SPEND (LINE_ITEM, SPEND_DAY, AMOUNT) VALUES ('a159aaa3-6b32-4624-83db-d1bb26391c4d', '2026-08-31', 12000);
INSERT INTO SPEND (LINE_ITEM, SPEND_DAY, AMOUNT) VALUES ('a159aaa3-6b32-4624-83db-d1bb26391c4d', '2026-09-30', 12000);
INSERT INTO SPEND (LINE_ITEM, SPEND_DAY, AMOUNT) VALUES ('a159aaa3-6b32-4624-83db-d1bb26391c4d', '2026-10-31', 12000);
INSERT INTO SPEND (LINE_ITEM, SPEND_DAY, AMOUNT) VALUES ('a159aaa3-6b32-4624-83db-d1bb26391c4d', '2026-11-30', 12000);
INSERT INTO SPEND (LINE_ITEM, SPEND_DAY, AMOUNT) VALUES ('a159aaa3-6b32-4624-83db-d1bb26391c4d', '2026-12-31', 12000);
INSERT INTO LINE_ITEM (ID, BUDGET_ID, VERSION, NAME) VALUES ('4cea8710-d2ba-470f-8cec-7e98a3061e0d', '9c51b774-0e19-4ddd-9b47-63579d1b1d39', 1, 'SEO Consulting Agency');
INSERT INTO CATEGORIZATION (LINE_ITEM, CATEGORY_ID, CATEGORY_VALUE_ID) VALUES ('4cea8710-d2ba-470f-8cec-7e98a3061e0d', '462e5dd1-b093-46f1-a541-d2d13dbe2fda', '56507f30-df26-4741-8905-c3252ddacdba');
INSERT INTO CATEGORIZATION (LINE_ITEM, CATEGORY_ID, CATEGORY_VALUE_ID) VALUES ('4cea8710-d2ba-470f-8cec-7e98a3061e0d', '50d187a1-2fa8-4054-b7ca-db2c177b8d05', '0f733277-f058-4759-82cd-453cba4a1211');
INSERT INTO CATEGORIZATION (LINE_ITEM, CATEGORY_ID, CATEGORY_VALUE_ID) VALUES ('4cea8710-d2ba-470f-8cec-7e98a3061e0d', '2af0c732-6987-45f4-89d0-108138d9d0e1', 'e6a89b15-7ce3-4e4f-932b-6855d75b39e2');
INSERT INTO CATEGORIZATION (LINE_ITEM, CATEGORY_ID, CATEGORY_VALUE_ID) VALUES ('4cea8710-d2ba-470f-8cec-7e98a3061e0d', '10cc8cec-078a-4c2a-bb95-b0cfa9c9ae76', 'c62417da-c0e2-4e44-9b20-454520d3aa9e');
INSERT INTO CATEGORIZATION (LINE_ITEM, CATEGORY_ID, CATEGORY_VALUE_ID) VALUES ('4cea8710-d2ba-470f-8cec-7e98a3061e0d', 'ed514409-2d24-47eb-82a5-6b0b484059a3', '9bfe97ca-8146-4733-997d-7bc21d9d3a27');
INSERT INTO SPEND (LINE_ITEM, SPEND_DAY, AMOUNT) VALUES ('4cea8710-d2ba-470f-8cec-7e98a3061e0d', '2026-01-31', 5000);
INSERT INTO SPEND (LINE_ITEM, SPEND_DAY, AMOUNT) VALUES ('4cea8710-d2ba-470f-8cec-7e98a3061e0d', '2026-02-28', 5000);
INSERT INTO SPEND (LINE_ITEM, SPEND_DAY, AMOUNT) VALUES ('4cea8710-d2ba-470f-8cec-7e98a3061e0d', '2026-03-31', 5000);
INSERT INTO SPEND (LINE_ITEM, SPEND_DAY, AMOUNT) VALUES ('4cea8710-d2ba-470f-8cec-7e98a3061e0d', '2026-04-30', 5000);
INSERT INTO SPEND (LINE_ITEM, SPEND_DAY, AMOUNT) VALUES ('4cea8710-d2ba-470f-8cec-7e98a3061e0d', '2026-05-31', 5000);
INSERT INTO SPEND (LINE_ITEM, SPEND_DAY, AMOUNT) VALUES ('4cea8710-d2ba-470f-8cec-7e98a3061e0d', '2026-06-30', 5000);
INSERT INTO SPEND (LINE_ITEM, SPEND_DAY, AMOUNT) VALUES ('4cea8710-d2ba-470f-8cec-7e98a3061e0d', '2026-07-31', 5000);
INSERT INTO SPEND (LINE_ITEM, SPEND_DAY, AMOUNT) VALUES ('4cea8710-d2ba-470f-8cec-7e98a3061e0d', '2026-08-31', 5000);
INSERT INTO SPEND (LINE_ITEM, SPEND_DAY, AMOUNT) VALUES ('4cea8710-d2ba-470f-8cec-7e98a3061e0d', '2026-09-30', 5000);
INSERT INTO SPEND (LINE_ITEM, SPEND_DAY, AMOUNT) VALUES ('4cea8710-d2ba-470f-8cec-7e98a3061e0d', '2026-10-31', 5000);
INSERT INTO SPEND (LINE_ITEM, SPEND_DAY, AMOUNT) VALUES ('4cea8710-d2ba-470f-8cec-7e98a3061e0d', '2026-11-30', 5000);
INSERT INTO SPEND (LINE_ITEM, SPEND_DAY, AMOUNT) VALUES ('4cea8710-d2ba-470f-8cec-7e98a3061e0d', '2026-12-31', 5000);
INSERT INTO LINE_ITEM (ID, BUDGET_ID, VERSION, NAME) VALUES ('357648c2-fd21-4eb0-9acd-a7b8aecb3671', '9c51b774-0e19-4ddd-9b47-63579d1b1d39', 1, 'Content Creation (Freelance Writers)');
INSERT INTO CATEGORIZATION (LINE_ITEM, CATEGORY_ID, CATEGORY_VALUE_ID) VALUES ('357648c2-fd21-4eb0-9acd-a7b8aecb3671', '462e5dd1-b093-46f1-a541-d2d13dbe2fda', '56507f30-df26-4741-8905-c3252ddacdba');
INSERT INTO CATEGORIZATION (LINE_ITEM, CATEGORY_ID, CATEGORY_VALUE_ID) VALUES ('357648c2-fd21-4eb0-9acd-a7b8aecb3671', '50d187a1-2fa8-4054-b7ca-db2c177b8d05', '0f733277-f058-4759-82cd-453cba4a1211');
INSERT INTO CATEGORIZATION (LINE_ITEM, CATEGORY_ID, CATEGORY_VALUE_ID) VALUES ('357648c2-fd21-4eb0-9acd-a7b8aecb3671', '2af0c732-6987-45f4-89d0-108138d9d0e1', 'e6a89b15-7ce3-4e4f-932b-6855d75b39e2');
INSERT INTO CATEGORIZATION (LINE_ITEM, CATEGORY_ID, CATEGORY_VALUE_ID) VALUES ('357648c2-fd21-4eb0-9acd-a7b8aecb3671', '10cc8cec-078a-4c2a-bb95-b0cfa9c9ae76', 'c62417da-c0e2-4e44-9b20-454520d3aa9e');
INSERT INTO CATEGORIZATION (LINE_ITEM, CATEGORY_ID, CATEGORY_VALUE_ID) VALUES ('357648c2-fd21-4eb0-9acd-a7b8aecb3671', 'ed514409-2d24-47eb-82a5-6b0b484059a3', '8d91d703-f455-4b07-b74c-3ff76110819d');
INSERT INTO SPEND (LINE_ITEM, SPEND_DAY, AMOUNT) VALUES ('357648c2-fd21-4eb0-9acd-a7b8aecb3671', '2026-01-31', 8000);
INSERT INTO SPEND (LINE_ITEM, SPEND_DAY, AMOUNT) VALUES ('357648c2-fd21-4eb0-9acd-a7b8aecb3671', '2026-02-28', 8000);
INSERT INTO SPEND (LINE_ITEM, SPEND_DAY, AMOUNT) VALUES ('357648c2-fd21-4eb0-9acd-a7b8aecb3671', '2026-03-31', 8000);
INSERT INTO SPEND (LINE_ITEM, SPEND_DAY, AMOUNT) VALUES ('357648c2-fd21-4eb0-9acd-a7b8aecb3671', '2026-04-30', 8000);
INSERT INTO SPEND (LINE_ITEM, SPEND_DAY, AMOUNT) VALUES ('357648c2-fd21-4eb0-9acd-a7b8aecb3671', '2026-05-31', 8000);
INSERT INTO SPEND (LINE_ITEM, SPEND_DAY, AMOUNT) VALUES ('357648c2-fd21-4eb0-9acd-a7b8aecb3671', '2026-06-30', 8000);
INSERT INTO SPEND (LINE_ITEM, SPEND_DAY, AMOUNT) VALUES ('357648c2-fd21-4eb0-9acd-a7b8aecb3671', '2026-07-31', 8000);
INSERT INTO SPEND (LINE_ITEM, SPEND_DAY, AMOUNT) VALUES ('357648c2-fd21-4eb0-9acd-a7b8aecb3671', '2026-08-31', 8000);
INSERT INTO SPEND (LINE_ITEM, SPEND_DAY, AMOUNT) VALUES ('357648c2-fd21-4eb0-9acd-a7b8aecb3671', '2026-09-30', 8000);
INSERT INTO SPEND (LINE_ITEM, SPEND_DAY, AMOUNT) VALUES ('357648c2-fd21-4eb0-9acd-a7b8aecb3671', '2026-10-31', 8000);
INSERT INTO SPEND (LINE_ITEM, SPEND_DAY, AMOUNT) VALUES ('357648c2-fd21-4eb0-9acd-a7b8aecb3671', '2026-11-30', 8000);
INSERT INTO SPEND (LINE_ITEM, SPEND_DAY, AMOUNT) VALUES ('357648c2-fd21-4eb0-9acd-a7b8aecb3671', '2026-12-31', 8000);
INSERT INTO LINE_ITEM (ID, BUDGET_ID, VERSION, NAME) VALUES ('eb999249-2aac-4cb2-ba51-4f2036e0c4e1', '9c51b774-0e19-4ddd-9b47-63579d1b1d39', 1, 'Video Production (Case Studies)');
INSERT INTO CATEGORIZATION (LINE_ITEM, CATEGORY_ID, CATEGORY_VALUE_ID) VALUES ('eb999249-2aac-4cb2-ba51-4f2036e0c4e1', '462e5dd1-b093-46f1-a541-d2d13dbe2fda', '56507f30-df26-4741-8905-c3252ddacdba');
INSERT INTO CATEGORIZATION (LINE_ITEM, CATEGORY_ID, CATEGORY_VALUE_ID) VALUES ('eb999249-2aac-4cb2-ba51-4f2036e0c4e1', '50d187a1-2fa8-4054-b7ca-db2c177b8d05', '0f733277-f058-4759-82cd-453cba4a1211');
INSERT INTO CATEGORIZATION (LINE_ITEM, CATEGORY_ID, CATEGORY_VALUE_ID) VALUES ('eb999249-2aac-4cb2-ba51-4f2036e0c4e1', '2af0c732-6987-45f4-89d0-108138d9d0e1', '57018c9b-21a9-4dc6-be5e-577333e87f5d');
INSERT INTO CATEGORIZATION (LINE_ITEM, CATEGORY_ID, CATEGORY_VALUE_ID) VALUES ('eb999249-2aac-4cb2-ba51-4f2036e0c4e1', '10cc8cec-078a-4c2a-bb95-b0cfa9c9ae76', 'c62417da-c0e2-4e44-9b20-454520d3aa9e');
INSERT INTO CATEGORIZATION (LINE_ITEM, CATEGORY_ID, CATEGORY_VALUE_ID) VALUES ('eb999249-2aac-4cb2-ba51-4f2036e0c4e1', 'ed514409-2d24-47eb-82a5-6b0b484059a3', '8d91d703-f455-4b07-b74c-3ff76110819d');
INSERT INTO SPEND (LINE_ITEM, SPEND_DAY, AMOUNT) VALUES ('eb999249-2aac-4cb2-ba51-4f2036e0c4e1', '2026-03-31', 15000);
INSERT INTO SPEND (LINE_ITEM, SPEND_DAY, AMOUNT) VALUES ('eb999249-2aac-4cb2-ba51-4f2036e0c4e1', '2026-06-30', 15000);
INSERT INTO SPEND (LINE_ITEM, SPEND_DAY, AMOUNT) VALUES ('eb999249-2aac-4cb2-ba51-4f2036e0c4e1', '2026-09-30', 20000);
INSERT INTO LINE_ITEM (ID, BUDGET_ID, VERSION, NAME) VALUES ('570f22d3-551b-4421-aa0f-15475ccd8d12', '9c51b774-0e19-4ddd-9b47-63579d1b1d39', 1, 'ABM Gifting Platform (e.g., Sendoso)');
INSERT INTO CATEGORIZATION (LINE_ITEM, CATEGORY_ID, CATEGORY_VALUE_ID) VALUES ('570f22d3-551b-4421-aa0f-15475ccd8d12', '462e5dd1-b093-46f1-a541-d2d13dbe2fda', '56507f30-df26-4741-8905-c3252ddacdba');
INSERT INTO CATEGORIZATION (LINE_ITEM, CATEGORY_ID, CATEGORY_VALUE_ID) VALUES ('570f22d3-551b-4421-aa0f-15475ccd8d12', '50d187a1-2fa8-4054-b7ca-db2c177b8d05', 'cf0edf5c-c8d0-418e-ba1e-19754e551a0b');
INSERT INTO CATEGORIZATION (LINE_ITEM, CATEGORY_ID, CATEGORY_VALUE_ID) VALUES ('570f22d3-551b-4421-aa0f-15475ccd8d12', '2af0c732-6987-45f4-89d0-108138d9d0e1', '57018c9b-21a9-4dc6-be5e-577333e87f5d');
INSERT INTO CATEGORIZATION (LINE_ITEM, CATEGORY_ID, CATEGORY_VALUE_ID) VALUES ('570f22d3-551b-4421-aa0f-15475ccd8d12', '10cc8cec-078a-4c2a-bb95-b0cfa9c9ae76', '34413a26-1982-445b-8610-dc65574089c7');
INSERT INTO CATEGORIZATION (LINE_ITEM, CATEGORY_ID, CATEGORY_VALUE_ID) VALUES ('570f22d3-551b-4421-aa0f-15475ccd8d12', 'ed514409-2d24-47eb-82a5-6b0b484059a3', '080b4dab-a165-4823-b1d6-7eb1f01044b9');
INSERT INTO SPEND (LINE_ITEM, SPEND_DAY, AMOUNT) VALUES ('570f22d3-551b-4421-aa0f-15475ccd8d12', '2026-01-31', 5000);
INSERT INTO SPEND (LINE_ITEM, SPEND_DAY, AMOUNT) VALUES ('570f22d3-551b-4421-aa0f-15475ccd8d12', '2026-02-28', 5000);
INSERT INTO SPEND (LINE_ITEM, SPEND_DAY, AMOUNT) VALUES ('570f22d3-551b-4421-aa0f-15475ccd8d12', '2026-03-31', 5000);
INSERT INTO SPEND (LINE_ITEM, SPEND_DAY, AMOUNT) VALUES ('570f22d3-551b-4421-aa0f-15475ccd8d12', '2026-04-30', 7000);
INSERT INTO SPEND (LINE_ITEM, SPEND_DAY, AMOUNT) VALUES ('570f22d3-551b-4421-aa0f-15475ccd8d12', '2026-05-31', 7000);
INSERT INTO SPEND (LINE_ITEM, SPEND_DAY, AMOUNT) VALUES ('570f22d3-551b-4421-aa0f-15475ccd8d12', '2026-06-30', 7000);
INSERT INTO SPEND (LINE_ITEM, SPEND_DAY, AMOUNT) VALUES ('570f22d3-551b-4421-aa0f-15475ccd8d12', '2026-07-31', 7000);
INSERT INTO SPEND (LINE_ITEM, SPEND_DAY, AMOUNT) VALUES ('570f22d3-551b-4421-aa0f-15475ccd8d12', '2026-08-31', 7000);
INSERT INTO SPEND (LINE_ITEM, SPEND_DAY, AMOUNT) VALUES ('570f22d3-551b-4421-aa0f-15475ccd8d12', '2026-09-30', 7000);
INSERT INTO SPEND (LINE_ITEM, SPEND_DAY, AMOUNT) VALUES ('570f22d3-551b-4421-aa0f-15475ccd8d12', '2026-10-31', 6000);
INSERT INTO SPEND (LINE_ITEM, SPEND_DAY, AMOUNT) VALUES ('570f22d3-551b-4421-aa0f-15475ccd8d12', '2026-11-30', 5000);
INSERT INTO SPEND (LINE_ITEM, SPEND_DAY, AMOUNT) VALUES ('570f22d3-551b-4421-aa0f-15475ccd8d12', '2026-12-31', 5000);
INSERT INTO LINE_ITEM (ID, BUDGET_ID, VERSION, NAME) VALUES ('5846daa9-49e3-4127-8977-5014e0c7cb77', '9c51b774-0e19-4ddd-9b47-63579d1b1d39', 1, 'Partner Co-Marketing Funds (MDF)');
INSERT INTO CATEGORIZATION (LINE_ITEM, CATEGORY_ID, CATEGORY_VALUE_ID) VALUES ('5846daa9-49e3-4127-8977-5014e0c7cb77', '462e5dd1-b093-46f1-a541-d2d13dbe2fda', '56507f30-df26-4741-8905-c3252ddacdba');
INSERT INTO CATEGORIZATION (LINE_ITEM, CATEGORY_ID, CATEGORY_VALUE_ID) VALUES ('5846daa9-49e3-4127-8977-5014e0c7cb77', '50d187a1-2fa8-4054-b7ca-db2c177b8d05', '75a00b85-8a1a-4742-9ab7-d3c78ac84b03');
INSERT INTO CATEGORIZATION (LINE_ITEM, CATEGORY_ID, CATEGORY_VALUE_ID) VALUES ('5846daa9-49e3-4127-8977-5014e0c7cb77', '2af0c732-6987-45f4-89d0-108138d9d0e1', '57018c9b-21a9-4dc6-be5e-577333e87f5d');
INSERT INTO CATEGORIZATION (LINE_ITEM, CATEGORY_ID, CATEGORY_VALUE_ID) VALUES ('5846daa9-49e3-4127-8977-5014e0c7cb77', '10cc8cec-078a-4c2a-bb95-b0cfa9c9ae76', 'c62417da-c0e2-4e44-9b20-454520d3aa9e');
INSERT INTO CATEGORIZATION (LINE_ITEM, CATEGORY_ID, CATEGORY_VALUE_ID) VALUES ('5846daa9-49e3-4127-8977-5014e0c7cb77', 'ed514409-2d24-47eb-82a5-6b0b484059a3', '080b4dab-a165-4823-b1d6-7eb1f01044b9');
INSERT INTO SPEND (LINE_ITEM, SPEND_DAY, AMOUNT) VALUES ('5846daa9-49e3-4127-8977-5014e0c7cb77', '2026-02-28', 10000);
INSERT INTO SPEND (LINE_ITEM, SPEND_DAY, AMOUNT) VALUES ('5846daa9-49e3-4127-8977-5014e0c7cb77', '2026-03-31', 10000);
INSERT INTO SPEND (LINE_ITEM, SPEND_DAY, AMOUNT) VALUES ('5846daa9-49e3-4127-8977-5014e0c7cb77', '2026-04-30', 10000);
INSERT INTO SPEND (LINE_ITEM, SPEND_DAY, AMOUNT) VALUES ('5846daa9-49e3-4127-8977-5014e0c7cb77', '2026-05-31', 10000);
INSERT INTO SPEND (LINE_ITEM, SPEND_DAY, AMOUNT) VALUES ('5846daa9-49e3-4127-8977-5014e0c7cb77', '2026-06-30', 10000);
INSERT INTO SPEND (LINE_ITEM, SPEND_DAY, AMOUNT) VALUES ('5846daa9-49e3-4127-8977-5014e0c7cb77', '2026-07-31', 10000);
INSERT INTO SPEND (LINE_ITEM, SPEND_DAY, AMOUNT) VALUES ('5846daa9-49e3-4127-8977-5014e0c7cb77', '2026-08-31', 10000);
INSERT INTO SPEND (LINE_ITEM, SPEND_DAY, AMOUNT) VALUES ('5846daa9-49e3-4127-8977-5014e0c7cb77', '2026-09-30', 10000);
INSERT INTO LINE_ITEM (ID, BUDGET_ID, VERSION, NAME) VALUES ('8de41560-1116-440f-ae6a-93db0f5fa290', '9c51b774-0e19-4ddd-9b47-63579d1b1d39', 1, 'Marketing Automation (Marketo)');
INSERT INTO CATEGORIZATION (LINE_ITEM, CATEGORY_ID, CATEGORY_VALUE_ID) VALUES ('8de41560-1116-440f-ae6a-93db0f5fa290', '462e5dd1-b093-46f1-a541-d2d13dbe2fda', '7ee5febb-5bb5-4b23-9848-bd254085a7be');
INSERT INTO CATEGORIZATION (LINE_ITEM, CATEGORY_ID, CATEGORY_VALUE_ID) VALUES ('8de41560-1116-440f-ae6a-93db0f5fa290', '50d187a1-2fa8-4054-b7ca-db2c177b8d05', '4a62a0af-1b34-4682-8d8b-17477a87397c');
INSERT INTO CATEGORIZATION (LINE_ITEM, CATEGORY_ID, CATEGORY_VALUE_ID) VALUES ('8de41560-1116-440f-ae6a-93db0f5fa290', '2af0c732-6987-45f4-89d0-108138d9d0e1', '33e594bd-4042-49d7-83f7-e4aa1fcb8233');
INSERT INTO CATEGORIZATION (LINE_ITEM, CATEGORY_ID, CATEGORY_VALUE_ID) VALUES ('8de41560-1116-440f-ae6a-93db0f5fa290', '10cc8cec-078a-4c2a-bb95-b0cfa9c9ae76', 'c62417da-c0e2-4e44-9b20-454520d3aa9e');
INSERT INTO CATEGORIZATION (LINE_ITEM, CATEGORY_ID, CATEGORY_VALUE_ID) VALUES ('8de41560-1116-440f-ae6a-93db0f5fa290', 'ed514409-2d24-47eb-82a5-6b0b484059a3', '2e0dd25e-9f9c-4cf1-97cd-c6b3b19cd244');
INSERT INTO SPEND (LINE_ITEM, SPEND_DAY, AMOUNT) VALUES ('8de41560-1116-440f-ae6a-93db0f5fa290', '2026-01-31', 10000);
INSERT INTO SPEND (LINE_ITEM, SPEND_DAY, AMOUNT) VALUES ('8de41560-1116-440f-ae6a-93db0f5fa290', '2026-02-28', 10000);
INSERT INTO SPEND (LINE_ITEM, SPEND_DAY, AMOUNT) VALUES ('8de41560-1116-440f-ae6a-93db0f5fa290', '2026-03-31', 10000);
INSERT INTO SPEND (LINE_ITEM, SPEND_DAY, AMOUNT) VALUES ('8de41560-1116-440f-ae6a-93db0f5fa290', '2026-04-30', 10000);
INSERT INTO SPEND (LINE_ITEM, SPEND_DAY, AMOUNT) VALUES ('8de41560-1116-440f-ae6a-93db0f5fa290', '2026-05-31', 10000);
INSERT INTO SPEND (LINE_ITEM, SPEND_DAY, AMOUNT) VALUES ('8de41560-1116-440f-ae6a-93db0f5fa290', '2026-06-30', 10000);
INSERT INTO SPEND (LINE_ITEM, SPEND_DAY, AMOUNT) VALUES ('8de41560-1116-440f-ae6a-93db0f5fa290', '2026-07-31', 10000);
INSERT INTO SPEND (LINE_ITEM, SPEND_DAY, AMOUNT) VALUES ('8de41560-1116-440f-ae6a-93db0f5fa290', '2026-08-31', 10000);
INSERT INTO SPEND (LINE_ITEM, SPEND_DAY, AMOUNT) VALUES ('8de41560-1116-440f-ae6a-93db0f5fa290', '2026-09-30', 10000);
INSERT INTO SPEND (LINE_ITEM, SPEND_DAY, AMOUNT) VALUES ('8de41560-1116-440f-ae6a-93db0f5fa290', '2026-10-31', 10000);
INSERT INTO SPEND (LINE_ITEM, SPEND_DAY, AMOUNT) VALUES ('8de41560-1116-440f-ae6a-93db0f5fa290', '2026-11-30', 10000);
INSERT INTO SPEND (LINE_ITEM, SPEND_DAY, AMOUNT) VALUES ('8de41560-1116-440f-ae6a-93db0f5fa290', '2026-12-31', 10000);
INSERT INTO LINE_ITEM (ID, BUDGET_ID, VERSION, NAME) VALUES ('ab9408b1-9fa4-4bd1-bf36-a870af7344c1', '9c51b774-0e19-4ddd-9b47-63579d1b1d39', 1, 'CRM (Salesforce - Mktg Share)');
INSERT INTO CATEGORIZATION (LINE_ITEM, CATEGORY_ID, CATEGORY_VALUE_ID) VALUES ('ab9408b1-9fa4-4bd1-bf36-a870af7344c1', '462e5dd1-b093-46f1-a541-d2d13dbe2fda', '7ee5febb-5bb5-4b23-9848-bd254085a7be');
INSERT INTO CATEGORIZATION (LINE_ITEM, CATEGORY_ID, CATEGORY_VALUE_ID) VALUES ('ab9408b1-9fa4-4bd1-bf36-a870af7344c1', '50d187a1-2fa8-4054-b7ca-db2c177b8d05', '4a62a0af-1b34-4682-8d8b-17477a87397c');
INSERT INTO CATEGORIZATION (LINE_ITEM, CATEGORY_ID, CATEGORY_VALUE_ID) VALUES ('ab9408b1-9fa4-4bd1-bf36-a870af7344c1', '2af0c732-6987-45f4-89d0-108138d9d0e1', '33e594bd-4042-49d7-83f7-e4aa1fcb8233');
INSERT INTO CATEGORIZATION (LINE_ITEM, CATEGORY_ID, CATEGORY_VALUE_ID) VALUES ('ab9408b1-9fa4-4bd1-bf36-a870af7344c1', '10cc8cec-078a-4c2a-bb95-b0cfa9c9ae76', 'c62417da-c0e2-4e44-9b20-454520d3aa9e');
INSERT INTO CATEGORIZATION (LINE_ITEM, CATEGORY_ID, CATEGORY_VALUE_ID) VALUES ('ab9408b1-9fa4-4bd1-bf36-a870af7344c1', 'ed514409-2d24-47eb-82a5-6b0b484059a3', '2e0dd25e-9f9c-4cf1-97cd-c6b3b19cd244');
INSERT INTO SPEND (LINE_ITEM, SPEND_DAY, AMOUNT) VALUES ('ab9408b1-9fa4-4bd1-bf36-a870af7344c1', '2026-01-31', 5000);
INSERT INTO SPEND (LINE_ITEM, SPEND_DAY, AMOUNT) VALUES ('ab9408b1-9fa4-4bd1-bf36-a870af7344c1', '2026-02-28', 5000);
INSERT INTO SPEND (LINE_ITEM, SPEND_DAY, AMOUNT) VALUES ('ab9408b1-9fa4-4bd1-bf36-a870af7344c1', '2026-03-31', 5000);
INSERT INTO SPEND (LINE_ITEM, SPEND_DAY, AMOUNT) VALUES ('ab9408b1-9fa4-4bd1-bf36-a870af7344c1', '2026-04-30', 5000);
INSERT INTO SPEND (LINE_ITEM, SPEND_DAY, AMOUNT) VALUES ('ab9408b1-9fa4-4bd1-bf36-a870af7344c1', '2026-05-31', 5000);
INSERT INTO SPEND (LINE_ITEM, SPEND_DAY, AMOUNT) VALUES ('ab9408b1-9fa4-4bd1-bf36-a870af7344c1', '2026-06-30', 5000);
INSERT INTO SPEND (LINE_ITEM, SPEND_DAY, AMOUNT) VALUES ('ab9408b1-9fa4-4bd1-bf36-a870af7344c1', '2026-07-31', 5000);
INSERT INTO SPEND (LINE_ITEM, SPEND_DAY, AMOUNT) VALUES ('ab9408b1-9fa4-4bd1-bf36-a870af7344c1', '2026-08-31', 5000);
INSERT INTO SPEND (LINE_ITEM, SPEND_DAY, AMOUNT) VALUES ('ab9408b1-9fa4-4bd1-bf36-a870af7344c1', '2026-09-30', 5000);
INSERT INTO SPEND (LINE_ITEM, SPEND_DAY, AMOUNT) VALUES ('ab9408b1-9fa4-4bd1-bf36-a870af7344c1', '2026-10-31', 5000);
INSERT INTO SPEND (LINE_ITEM, SPEND_DAY, AMOUNT) VALUES ('ab9408b1-9fa4-4bd1-bf36-a870af7344c1', '2026-11-30', 5000);
INSERT INTO SPEND (LINE_ITEM, SPEND_DAY, AMOUNT) VALUES ('ab9408b1-9fa4-4bd1-bf36-a870af7344c1', '2026-12-31', 5000);
INSERT INTO LINE_ITEM (ID, BUDGET_ID, VERSION, NAME) VALUES ('ac7c88d4-505e-4055-8f13-90dc3797241f', '9c51b774-0e19-4ddd-9b47-63579d1b1d39', 1, 'ABM Platform (6sense)');
INSERT INTO CATEGORIZATION (LINE_ITEM, CATEGORY_ID, CATEGORY_VALUE_ID) VALUES ('ac7c88d4-505e-4055-8f13-90dc3797241f', '462e5dd1-b093-46f1-a541-d2d13dbe2fda', '7ee5febb-5bb5-4b23-9848-bd254085a7be');
INSERT INTO CATEGORIZATION (LINE_ITEM, CATEGORY_ID, CATEGORY_VALUE_ID) VALUES ('ac7c88d4-505e-4055-8f13-90dc3797241f', '50d187a1-2fa8-4054-b7ca-db2c177b8d05', '4a62a0af-1b34-4682-8d8b-17477a87397c');
INSERT INTO CATEGORIZATION (LINE_ITEM, CATEGORY_ID, CATEGORY_VALUE_ID) VALUES ('ac7c88d4-505e-4055-8f13-90dc3797241f', '2af0c732-6987-45f4-89d0-108138d9d0e1', '33e594bd-4042-49d7-83f7-e4aa1fcb8233');
INSERT INTO CATEGORIZATION (LINE_ITEM, CATEGORY_ID, CATEGORY_VALUE_ID) VALUES ('ac7c88d4-505e-4055-8f13-90dc3797241f', '10cc8cec-078a-4c2a-bb95-b0cfa9c9ae76', 'c62417da-c0e2-4e44-9b20-454520d3aa9e');
INSERT INTO CATEGORIZATION (LINE_ITEM, CATEGORY_ID, CATEGORY_VALUE_ID) VALUES ('ac7c88d4-505e-4055-8f13-90dc3797241f', 'ed514409-2d24-47eb-82a5-6b0b484059a3', '2e0dd25e-9f9c-4cf1-97cd-c6b3b19cd244');
INSERT INTO SPEND (LINE_ITEM, SPEND_DAY, AMOUNT) VALUES ('ac7c88d4-505e-4055-8f13-90dc3797241f', '2026-01-31', 6000);
INSERT INTO SPEND (LINE_ITEM, SPEND_DAY, AMOUNT) VALUES ('ac7c88d4-505e-4055-8f13-90dc3797241f', '2026-02-28', 6000);
INSERT INTO SPEND (LINE_ITEM, SPEND_DAY, AMOUNT) VALUES ('ac7c88d4-505e-4055-8f13-90dc3797241f', '2026-03-31', 6000);
INSERT INTO SPEND (LINE_ITEM, SPEND_DAY, AMOUNT) VALUES ('ac7c88d4-505e-4055-8f13-90dc3797241f', '2026-04-30', 6000);
INSERT INTO SPEND (LINE_ITEM, SPEND_DAY, AMOUNT) VALUES ('ac7c88d4-505e-4055-8f13-90dc3797241f', '2026-05-31', 6000);
INSERT INTO SPEND (LINE_ITEM, SPEND_DAY, AMOUNT) VALUES ('ac7c88d4-505e-4055-8f13-90dc3797241f', '2026-06-30', 6000);
INSERT INTO SPEND (LINE_ITEM, SPEND_DAY, AMOUNT) VALUES ('ac7c88d4-505e-4055-8f13-90dc3797241f', '2026-07-31', 6000);
INSERT INTO SPEND (LINE_ITEM, SPEND_DAY, AMOUNT) VALUES ('ac7c88d4-505e-4055-8f13-90dc3797241f', '2026-08-31', 6000);
INSERT INTO SPEND (LINE_ITEM, SPEND_DAY, AMOUNT) VALUES ('ac7c88d4-505e-4055-8f13-90dc3797241f', '2026-09-30', 6000);
INSERT INTO SPEND (LINE_ITEM, SPEND_DAY, AMOUNT) VALUES ('ac7c88d4-505e-4055-8f13-90dc3797241f', '2026-10-31', 6000);
INSERT INTO SPEND (LINE_ITEM, SPEND_DAY, AMOUNT) VALUES ('ac7c88d4-505e-4055-8f13-90dc3797241f', '2026-11-30', 6000);
INSERT INTO SPEND (LINE_ITEM, SPEND_DAY, AMOUNT) VALUES ('ac7c88d4-505e-4055-8f13-90dc3797241f', '2026-12-31', 6000);
INSERT INTO LINE_ITEM (ID, BUDGET_ID, VERSION, NAME) VALUES ('e48a259d-7bea-4e83-9430-e6aaf0c59341', '9c51b774-0e19-4ddd-9b47-63579d1b1d39', 1, 'SEO Tools (SEMrush)');
INSERT INTO CATEGORIZATION (LINE_ITEM, CATEGORY_ID, CATEGORY_VALUE_ID) VALUES ('e48a259d-7bea-4e83-9430-e6aaf0c59341', '462e5dd1-b093-46f1-a541-d2d13dbe2fda', '7ee5febb-5bb5-4b23-9848-bd254085a7be');
INSERT INTO CATEGORIZATION (LINE_ITEM, CATEGORY_ID, CATEGORY_VALUE_ID) VALUES ('e48a259d-7bea-4e83-9430-e6aaf0c59341', '50d187a1-2fa8-4054-b7ca-db2c177b8d05', '4a62a0af-1b34-4682-8d8b-17477a87397c');
INSERT INTO CATEGORIZATION (LINE_ITEM, CATEGORY_ID, CATEGORY_VALUE_ID) VALUES ('e48a259d-7bea-4e83-9430-e6aaf0c59341', '2af0c732-6987-45f4-89d0-108138d9d0e1', '33e594bd-4042-49d7-83f7-e4aa1fcb8233');
INSERT INTO CATEGORIZATION (LINE_ITEM, CATEGORY_ID, CATEGORY_VALUE_ID) VALUES ('e48a259d-7bea-4e83-9430-e6aaf0c59341', '10cc8cec-078a-4c2a-bb95-b0cfa9c9ae76', 'c62417da-c0e2-4e44-9b20-454520d3aa9e');
INSERT INTO CATEGORIZATION (LINE_ITEM, CATEGORY_ID, CATEGORY_VALUE_ID) VALUES ('e48a259d-7bea-4e83-9430-e6aaf0c59341', 'ed514409-2d24-47eb-82a5-6b0b484059a3', '2e0dd25e-9f9c-4cf1-97cd-c6b3b19cd244');
INSERT INTO SPEND (LINE_ITEM, SPEND_DAY, AMOUNT) VALUES ('e48a259d-7bea-4e83-9430-e6aaf0c59341', '2026-01-31', 500);
INSERT INTO SPEND (LINE_ITEM, SPEND_DAY, AMOUNT) VALUES ('e48a259d-7bea-4e83-9430-e6aaf0c59341', '2026-02-28', 500);
INSERT INTO SPEND (LINE_ITEM, SPEND_DAY, AMOUNT) VALUES ('e48a259d-7bea-4e83-9430-e6aaf0c59341', '2026-03-31', 500);
INSERT INTO SPEND (LINE_ITEM, SPEND_DAY, AMOUNT) VALUES ('e48a259d-7bea-4e83-9430-e6aaf0c59341', '2026-04-30', 500);
INSERT INTO SPEND (LINE_ITEM, SPEND_DAY, AMOUNT) VALUES ('e48a259d-7bea-4e83-9430-e6aaf0c59341', '2026-05-31', 500);
INSERT INTO SPEND (LINE_ITEM, SPEND_DAY, AMOUNT) VALUES ('e48a259d-7bea-4e83-9430-e6aaf0c59341', '2026-06-30', 500);
INSERT INTO SPEND (LINE_ITEM, SPEND_DAY, AMOUNT) VALUES ('e48a259d-7bea-4e83-9430-e6aaf0c59341', '2026-07-31', 500);
INSERT INTO SPEND (LINE_ITEM, SPEND_DAY, AMOUNT) VALUES ('e48a259d-7bea-4e83-9430-e6aaf0c59341', '2026-08-31', 500);
INSERT INTO SPEND (LINE_ITEM, SPEND_DAY, AMOUNT) VALUES ('e48a259d-7bea-4e83-9430-e6aaf0c59341', '2026-09-30', 500);
INSERT INTO SPEND (LINE_ITEM, SPEND_DAY, AMOUNT) VALUES ('e48a259d-7bea-4e83-9430-e6aaf0c59341', '2026-10-31', 500);
INSERT INTO SPEND (LINE_ITEM, SPEND_DAY, AMOUNT) VALUES ('e48a259d-7bea-4e83-9430-e6aaf0c59341', '2026-11-30', 500);
INSERT INTO SPEND (LINE_ITEM, SPEND_DAY, AMOUNT) VALUES ('e48a259d-7bea-4e83-9430-e6aaf0c59341', '2026-12-31', 500);
INSERT INTO LINE_ITEM (ID, BUDGET_ID, VERSION, NAME) VALUES ('308654db-6043-4eec-9398-f5fa605386b7', '9c51b774-0e19-4ddd-9b47-63579d1b1d39', 1, 'Webinar Platform (ON24)');
INSERT INTO CATEGORIZATION (LINE_ITEM, CATEGORY_ID, CATEGORY_VALUE_ID) VALUES ('308654db-6043-4eec-9398-f5fa605386b7', '462e5dd1-b093-46f1-a541-d2d13dbe2fda', '7ee5febb-5bb5-4b23-9848-bd254085a7be');
INSERT INTO CATEGORIZATION (LINE_ITEM, CATEGORY_ID, CATEGORY_VALUE_ID) VALUES ('308654db-6043-4eec-9398-f5fa605386b7', '50d187a1-2fa8-4054-b7ca-db2c177b8d05', '4a62a0af-1b34-4682-8d8b-17477a87397c');
INSERT INTO CATEGORIZATION (LINE_ITEM, CATEGORY_ID, CATEGORY_VALUE_ID) VALUES ('308654db-6043-4eec-9398-f5fa605386b7', '2af0c732-6987-45f4-89d0-108138d9d0e1', '33e594bd-4042-49d7-83f7-e4aa1fcb8233');
INSERT INTO CATEGORIZATION (LINE_ITEM, CATEGORY_ID, CATEGORY_VALUE_ID) VALUES ('308654db-6043-4eec-9398-f5fa605386b7', '10cc8cec-078a-4c2a-bb95-b0cfa9c9ae76', 'c62417da-c0e2-4e44-9b20-454520d3aa9e');
INSERT INTO CATEGORIZATION (LINE_ITEM, CATEGORY_ID, CATEGORY_VALUE_ID) VALUES ('308654db-6043-4eec-9398-f5fa605386b7', 'ed514409-2d24-47eb-82a5-6b0b484059a3', '2e0dd25e-9f9c-4cf1-97cd-c6b3b19cd244');
INSERT INTO SPEND (LINE_ITEM, SPEND_DAY, AMOUNT) VALUES ('308654db-6043-4eec-9398-f5fa605386b7', '2026-01-31', 3500);
INSERT INTO SPEND (LINE_ITEM, SPEND_DAY, AMOUNT) VALUES ('308654db-6043-4eec-9398-f5fa605386b7', '2026-02-28', 3500);
INSERT INTO SPEND (LINE_ITEM, SPEND_DAY, AMOUNT) VALUES ('308654db-6043-4eec-9398-f5fa605386b7', '2026-03-31', 3500);
INSERT INTO SPEND (LINE_ITEM, SPEND_DAY, AMOUNT) VALUES ('308654db-6043-4eec-9398-f5fa605386b7', '2026-04-30', 3500);
INSERT INTO SPEND (LINE_ITEM, SPEND_DAY, AMOUNT) VALUES ('308654db-6043-4eec-9398-f5fa605386b7', '2026-05-31', 3500);
INSERT INTO SPEND (LINE_ITEM, SPEND_DAY, AMOUNT) VALUES ('308654db-6043-4eec-9398-f5fa605386b7', '2026-06-30', 3500);
INSERT INTO SPEND (LINE_ITEM, SPEND_DAY, AMOUNT) VALUES ('308654db-6043-4eec-9398-f5fa605386b7', '2026-07-31', 3500);
INSERT INTO SPEND (LINE_ITEM, SPEND_DAY, AMOUNT) VALUES ('308654db-6043-4eec-9398-f5fa605386b7', '2026-08-31', 3500);
INSERT INTO SPEND (LINE_ITEM, SPEND_DAY, AMOUNT) VALUES ('308654db-6043-4eec-9398-f5fa605386b7', '2026-09-30', 3500);
INSERT INTO SPEND (LINE_ITEM, SPEND_DAY, AMOUNT) VALUES ('308654db-6043-4eec-9398-f5fa605386b7', '2026-10-31', 3500);
INSERT INTO SPEND (LINE_ITEM, SPEND_DAY, AMOUNT) VALUES ('308654db-6043-4eec-9398-f5fa605386b7', '2026-11-30', 3500);
INSERT INTO SPEND (LINE_ITEM, SPEND_DAY, AMOUNT) VALUES ('308654db-6043-4eec-9398-f5fa605386b7', '2026-12-31', 3500);
INSERT INTO LINE_ITEM (ID, BUDGET_ID, VERSION, NAME) VALUES ('7580f4c5-7bd3-4cd8-8561-1fcbf3beeb32', '9c51b774-0e19-4ddd-9b47-63579d1b1d39', 1, 'Website Hosting & Maintenance');
INSERT INTO CATEGORIZATION (LINE_ITEM, CATEGORY_ID, CATEGORY_VALUE_ID) VALUES ('7580f4c5-7bd3-4cd8-8561-1fcbf3beeb32', '462e5dd1-b093-46f1-a541-d2d13dbe2fda', '4d2743b5-cca2-4873-88f1-a617e13cec00');
INSERT INTO CATEGORIZATION (LINE_ITEM, CATEGORY_ID, CATEGORY_VALUE_ID) VALUES ('7580f4c5-7bd3-4cd8-8561-1fcbf3beeb32', '50d187a1-2fa8-4054-b7ca-db2c177b8d05', 'bf235404-8655-4d28-8499-f67119c1a6fa');
INSERT INTO CATEGORIZATION (LINE_ITEM, CATEGORY_ID, CATEGORY_VALUE_ID) VALUES ('7580f4c5-7bd3-4cd8-8561-1fcbf3beeb32', '2af0c732-6987-45f4-89d0-108138d9d0e1', '33e594bd-4042-49d7-83f7-e4aa1fcb8233');
INSERT INTO CATEGORIZATION (LINE_ITEM, CATEGORY_ID, CATEGORY_VALUE_ID) VALUES ('7580f4c5-7bd3-4cd8-8561-1fcbf3beeb32', '10cc8cec-078a-4c2a-bb95-b0cfa9c9ae76', 'c62417da-c0e2-4e44-9b20-454520d3aa9e');
INSERT INTO CATEGORIZATION (LINE_ITEM, CATEGORY_ID, CATEGORY_VALUE_ID) VALUES ('7580f4c5-7bd3-4cd8-8561-1fcbf3beeb32', 'ed514409-2d24-47eb-82a5-6b0b484059a3', '38edaa44-4f75-4a02-8cba-38dbec2ba787');
INSERT INTO SPEND (LINE_ITEM, SPEND_DAY, AMOUNT) VALUES ('7580f4c5-7bd3-4cd8-8561-1fcbf3beeb32', '2026-01-31', 2500);
INSERT INTO SPEND (LINE_ITEM, SPEND_DAY, AMOUNT) VALUES ('7580f4c5-7bd3-4cd8-8561-1fcbf3beeb32', '2026-02-28', 2500);
INSERT INTO SPEND (LINE_ITEM, SPEND_DAY, AMOUNT) VALUES ('7580f4c5-7bd3-4cd8-8561-1fcbf3beeb32', '2026-03-31', 2500);
INSERT INTO SPEND (LINE_ITEM, SPEND_DAY, AMOUNT) VALUES ('7580f4c5-7bd3-4cd8-8561-1fcbf3beeb32', '2026-04-30', 2500);
INSERT INTO SPEND (LINE_ITEM, SPEND_DAY, AMOUNT) VALUES ('7580f4c5-7bd3-4cd8-8561-1fcbf3beeb32', '2026-05-31', 2500);
INSERT INTO SPEND (LINE_ITEM, SPEND_DAY, AMOUNT) VALUES ('7580f4c5-7bd3-4cd8-8561-1fcbf3beeb32', '2026-06-30', 2500);
INSERT INTO SPEND (LINE_ITEM, SPEND_DAY, AMOUNT) VALUES ('7580f4c5-7bd3-4cd8-8561-1fcbf3beeb32', '2026-07-31', 2500);
INSERT INTO SPEND (LINE_ITEM, SPEND_DAY, AMOUNT) VALUES ('7580f4c5-7bd3-4cd8-8561-1fcbf3beeb32', '2026-08-31', 2500);
INSERT INTO SPEND (LINE_ITEM, SPEND_DAY, AMOUNT) VALUES ('7580f4c5-7bd3-4cd8-8561-1fcbf3beeb32', '2026-09-30', 2500);
INSERT INTO SPEND (LINE_ITEM, SPEND_DAY, AMOUNT) VALUES ('7580f4c5-7bd3-4cd8-8561-1fcbf3beeb32', '2026-10-31', 2500);
INSERT INTO SPEND (LINE_ITEM, SPEND_DAY, AMOUNT) VALUES ('7580f4c5-7bd3-4cd8-8561-1fcbf3beeb32', '2026-11-30', 2500);
INSERT INTO SPEND (LINE_ITEM, SPEND_DAY, AMOUNT) VALUES ('7580f4c5-7bd3-4cd8-8561-1fcbf3beeb32', '2026-12-31', 2500);
INSERT INTO LINE_ITEM (ID, BUDGET_ID, VERSION, NAME) VALUES ('a0448ce3-d3e3-45f4-a6db-effe18584756', '9c51b774-0e19-4ddd-9b47-63579d1b1d39', 1, 'Promotional Items / Swag');
INSERT INTO CATEGORIZATION (LINE_ITEM, CATEGORY_ID, CATEGORY_VALUE_ID) VALUES ('a0448ce3-d3e3-45f4-a6db-effe18584756', '462e5dd1-b093-46f1-a541-d2d13dbe2fda', '4d2743b5-cca2-4873-88f1-a617e13cec00');
INSERT INTO CATEGORIZATION (LINE_ITEM, CATEGORY_ID, CATEGORY_VALUE_ID) VALUES ('a0448ce3-d3e3-45f4-a6db-effe18584756', '50d187a1-2fa8-4054-b7ca-db2c177b8d05', '9c277d9d-b05c-48bf-879b-f3603432d3f5');
INSERT INTO CATEGORIZATION (LINE_ITEM, CATEGORY_ID, CATEGORY_VALUE_ID) VALUES ('a0448ce3-d3e3-45f4-a6db-effe18584756', '2af0c732-6987-45f4-89d0-108138d9d0e1', '33e594bd-4042-49d7-83f7-e4aa1fcb8233');
INSERT INTO CATEGORIZATION (LINE_ITEM, CATEGORY_ID, CATEGORY_VALUE_ID) VALUES ('a0448ce3-d3e3-45f4-a6db-effe18584756', '10cc8cec-078a-4c2a-bb95-b0cfa9c9ae76', 'c62417da-c0e2-4e44-9b20-454520d3aa9e');
INSERT INTO CATEGORIZATION (LINE_ITEM, CATEGORY_ID, CATEGORY_VALUE_ID) VALUES ('a0448ce3-d3e3-45f4-a6db-effe18584756', 'ed514409-2d24-47eb-82a5-6b0b484059a3', '313e4586-7f51-4af2-b5da-290888097dec');
INSERT INTO SPEND (LINE_ITEM, SPEND_DAY, AMOUNT) VALUES ('a0448ce3-d3e3-45f4-a6db-effe18584756', '2026-01-31', 10000);
INSERT INTO SPEND (LINE_ITEM, SPEND_DAY, AMOUNT) VALUES ('a0448ce3-d3e3-45f4-a6db-effe18584756', '2026-04-30', 10000);
INSERT INTO SPEND (LINE_ITEM, SPEND_DAY, AMOUNT) VALUES ('a0448ce3-d3e3-45f4-a6db-effe18584756', '2026-07-31', 10000);
INSERT INTO SPEND (LINE_ITEM, SPEND_DAY, AMOUNT) VALUES ('a0448ce3-d3e3-45f4-a6db-effe18584756', '2026-10-31', 10000);
INSERT INTO LINE_ITEM (ID, BUDGET_ID, VERSION, NAME) VALUES ('a3159e0e-d2fa-4e8e-b093-cc389601b53c', '9c51b774-0e19-4ddd-9b47-63579d1b1d39', 1, 'Market Research & Analyst Reports');
INSERT INTO CATEGORIZATION (LINE_ITEM, CATEGORY_ID, CATEGORY_VALUE_ID) VALUES ('a3159e0e-d2fa-4e8e-b093-cc389601b53c', '462e5dd1-b093-46f1-a541-d2d13dbe2fda', '4d2743b5-cca2-4873-88f1-a617e13cec00');
INSERT INTO CATEGORIZATION (LINE_ITEM, CATEGORY_ID, CATEGORY_VALUE_ID) VALUES ('a3159e0e-d2fa-4e8e-b093-cc389601b53c', '50d187a1-2fa8-4054-b7ca-db2c177b8d05', '9c277d9d-b05c-48bf-879b-f3603432d3f5');
INSERT INTO CATEGORIZATION (LINE_ITEM, CATEGORY_ID, CATEGORY_VALUE_ID) VALUES ('a3159e0e-d2fa-4e8e-b093-cc389601b53c', '2af0c732-6987-45f4-89d0-108138d9d0e1', '33e594bd-4042-49d7-83f7-e4aa1fcb8233');
INSERT INTO CATEGORIZATION (LINE_ITEM, CATEGORY_ID, CATEGORY_VALUE_ID) VALUES ('a3159e0e-d2fa-4e8e-b093-cc389601b53c', '10cc8cec-078a-4c2a-bb95-b0cfa9c9ae76', 'c62417da-c0e2-4e44-9b20-454520d3aa9e');
INSERT INTO CATEGORIZATION (LINE_ITEM, CATEGORY_ID, CATEGORY_VALUE_ID) VALUES ('a3159e0e-d2fa-4e8e-b093-cc389601b53c', 'ed514409-2d24-47eb-82a5-6b0b484059a3', '38edaa44-4f75-4a02-8cba-38dbec2ba787');
INSERT INTO SPEND (LINE_ITEM, SPEND_DAY, AMOUNT) VALUES ('a3159e0e-d2fa-4e8e-b093-cc389601b53c', '2026-03-31', 20000);
INSERT INTO LINE_ITEM (ID, BUDGET_ID, VERSION, NAME) VALUES ('98fffcde-60a6-4560-b855-02c7dc07dd7e', '9c51b774-0e19-4ddd-9b47-63579d1b1d39', 1, 'Team T&E (Non-event related)');
INSERT INTO CATEGORIZATION (LINE_ITEM, CATEGORY_ID, CATEGORY_VALUE_ID) VALUES ('98fffcde-60a6-4560-b855-02c7dc07dd7e', '462e5dd1-b093-46f1-a541-d2d13dbe2fda', '4d2743b5-cca2-4873-88f1-a617e13cec00');
INSERT INTO CATEGORIZATION (LINE_ITEM, CATEGORY_ID, CATEGORY_VALUE_ID) VALUES ('98fffcde-60a6-4560-b855-02c7dc07dd7e', '50d187a1-2fa8-4054-b7ca-db2c177b8d05', '9c277d9d-b05c-48bf-879b-f3603432d3f5');
INSERT INTO CATEGORIZATION (LINE_ITEM, CATEGORY_ID, CATEGORY_VALUE_ID) VALUES ('98fffcde-60a6-4560-b855-02c7dc07dd7e', '2af0c732-6987-45f4-89d0-108138d9d0e1', '33e594bd-4042-49d7-83f7-e4aa1fcb8233');
INSERT INTO CATEGORIZATION (LINE_ITEM, CATEGORY_ID, CATEGORY_VALUE_ID) VALUES ('98fffcde-60a6-4560-b855-02c7dc07dd7e', '10cc8cec-078a-4c2a-bb95-b0cfa9c9ae76', 'c62417da-c0e2-4e44-9b20-454520d3aa9e');
INSERT INTO CATEGORIZATION (LINE_ITEM, CATEGORY_ID, CATEGORY_VALUE_ID) VALUES ('98fffcde-60a6-4560-b855-02c7dc07dd7e', 'ed514409-2d24-47eb-82a5-6b0b484059a3', 'cec7d2a8-cef4-463f-b9c1-548f2dbccc94');
INSERT INTO SPEND (LINE_ITEM, SPEND_DAY, AMOUNT) VALUES ('98fffcde-60a6-4560-b855-02c7dc07dd7e', '2026-02-28', 2500);
INSERT INTO SPEND (LINE_ITEM, SPEND_DAY, AMOUNT) VALUES ('98fffcde-60a6-4560-b855-02c7dc07dd7e', '2026-05-31', 2500);
INSERT INTO SPEND (LINE_ITEM, SPEND_DAY, AMOUNT) VALUES ('98fffcde-60a6-4560-b855-02c7dc07dd7e', '2026-08-31', 2500);
INSERT INTO SPEND (LINE_ITEM, SPEND_DAY, AMOUNT) VALUES ('98fffcde-60a6-4560-b855-02c7dc07dd7e', '2026-11-30', 2500);

INSERT INTO CHAT (ID, VERSION) VALUES ('03a4f607-4654-41bc-a5ff-a9e0df28f411', 1);
INSERT INTO CHAT (ID, VERSION) VALUES ('9931c4f8-71d1-4a20-beef-eb16b96f5e57', 1);


INSERT INTO CHAT_MESSAGE (ID, CHAT, CHAT_KEY, TYPE, STATUS, CONTENT) VALUES ('3bafbdfd-9e6e-4625-b8eb-d12721224f8c', '03a4f607-4654-41bc-a5ff-a9e0df28f411', 0, 'USER', 'COMPLETED', 'Create 2 budgets FY27 and FY28');
INSERT INTO CHAT_MESSAGE (ID, CHAT, CHAT_KEY, TYPE, STATUS, CONTENT) VALUES ('4cf2261c-9626-429e-9451-f4080bdb14bc', '03a4f607-4654-41bc-a5ff-a9e0df28f411', 1, 'ASSISTANT', 'COMPLETED', NULL);
INSERT INTO CHAT_MESSAGE (ID, CHAT, CHAT_KEY, TYPE, STATUS, CONTENT) VALUES ('16f6d0fe-c55f-4865-807e-d60e1fa0e2b4', '03a4f607-4654-41bc-a5ff-a9e0df28f411', 2, 'ASSISTANT', 'COMPLETED', 'I''ve created the FY27 budget, but the FY28 creation was rejected. What should I do next?');
INSERT INTO CHAT_MESSAGE (ID, CHAT, CHAT_KEY, TYPE, STATUS, CONTENT) VALUES ('103e7a0b-f333-40ac-8e4f-054138faa939', '03a4f607-4654-41bc-a5ff-a9e0df28f411', 3, 'USER', 'COMPLETED', 'Create the FY28 budget now');
INSERT INTO CHAT_MESSAGE (ID, CHAT, CHAT_KEY, TYPE, STATUS, CONTENT) VALUES ('1fc07ea1-3855-4740-bdbf-1a7ae9afd44d', '03a4f607-4654-41bc-a5ff-a9e0df28f411', 4, 'ASSISTANT', 'COMPLETED', NULL);
INSERT INTO CHAT_MESSAGE (ID, CHAT, CHAT_KEY, TYPE, STATUS, CONTENT) VALUES ('c8c219a2-f39b-40ba-aa5e-271c1255a6ca', '03a4f607-4654-41bc-a5ff-a9e0df28f411', 5, 'ASSISTANT', 'COMPLETED', 'I have now created the FY28 budget.');
INSERT INTO CHAT_MESSAGE (ID, CHAT, CHAT_KEY, TYPE, STATUS, CONTENT) VALUES ('3e833349-0898-4016-8c0b-c8eeb3474416', '03a4f607-4654-41bc-a5ff-a9e0df28f411', 6, 'USER', 'COMPLETED', 'What budgets do I have?');
INSERT INTO CHAT_MESSAGE (ID, CHAT, CHAT_KEY, TYPE, STATUS, CONTENT) VALUES ('8111a08b-6a50-479d-a7c6-cd55b5f464de', '03a4f607-4654-41bc-a5ff-a9e0df28f411', 7, 'ASSISTANT', 'COMPLETED', 'You have the following budgets:

* FY26
* FY27
* FY28');
INSERT INTO CHAT_MESSAGE (ID, CHAT, CHAT_KEY, TYPE, STATUS, CONTENT) VALUES('9aab4c14-0596-476a-b5cf-a6adff74e337', '9931c4f8-71d1-4a20-beef-eb16b96f5e57', 0, 'USER', 'COMPLETED', 'What can you do?');
INSERT INTO CHAT_MESSAGE (ID, CHAT, CHAT_KEY, TYPE, STATUS, CONTENT) VALUES ('72e59b81-b314-42bb-b459-d8ffe6d1b1e8', '9931c4f8-71d1-4a20-beef-eb16b96f5e57', 1, 'ASSISTANT', 'COMPLETED', 'I can help you plan and budget for your marketing campaigns. I can also provide insights into your planned spending across different categories and time periods.

Here are some of the things I can do:

*   **Create new budgets:** I can help you set up new budgets for your marketing campaigns.
*   **Analyze existing budgets:** I can retrieve and analyze all your existing budgets, including line items, categorizations, and planned spending over time.
*   **Provide spending insights:** I can answer questions about your planned spending, such as how much is allocated to specific categories, months, quarters, or years.

How can I help you with your marketing planning and budgeting today?');
INSERT INTO CHAT_MESSAGE (ID, CHAT, CHAT_KEY, TYPE, STATUS, CONTENT) VALUES ('40fc988a-597b-4371-ac12-3ab5848b2275', '9931c4f8-71d1-4a20-beef-eb16b96f5e57', 2, 'USER', 'COMPLETED', 'What budgets do I have?');
INSERT INTO CHAT_MESSAGE (ID, CHAT, CHAT_KEY, TYPE, STATUS, CONTENT) VALUES ('65b995ba-a332-4a83-b716-c2362552fc50', '9931c4f8-71d1-4a20-beef-eb16b96f5e57', 3, 'ASSISTANT', 'COMPLETED', 'I found one budget: "FY26".

Would you like to know more about this budget, such as its line items or planned spending?');
INSERT INTO CHAT_MESSAGE (ID, CHAT, CHAT_KEY, TYPE, STATUS, CONTENT) VALUES ('7c01f835-bb3f-4ce8-ba82-0cff1f8cf13e', '9931c4f8-71d1-4a20-beef-eb16b96f5e57', 4, 'USER', 'COMPLETED', 'Create a budget named FY27');
INSERT INTO CHAT_MESSAGE (ID, CHAT, CHAT_KEY, TYPE, STATUS, CONTENT) VALUES ('e289c9d8-0db8-49ae-a343-eb10fd86ccff', '9931c4f8-71d1-4a20-beef-eb16b96f5e57', 5, 'ASSISTANT', 'COMPLETED', NULL);
INSERT INTO CHAT_MESSAGE (ID, CHAT, CHAT_KEY, TYPE, STATUS, CONTENT) VALUES ('59aefdc8-bd53-44c5-8b63-70db3f6a84ae', '9931c4f8-71d1-4a20-beef-eb16b96f5e57', 6, 'ASSISTANT', 'COMPLETED', 'I have created a budget named FY27.');
INSERT INTO CHAT_MESSAGE (ID, CHAT, CHAT_KEY, TYPE, STATUS, CONTENT) VALUES ('73836134-ca2e-4068-9aa6-ae7e1ba295a4', '9931c4f8-71d1-4a20-beef-eb16b96f5e57', 7, 'USER', 'COMPLETED', 'Create a budget named FY28');
INSERT INTO CHAT_MESSAGE (ID, CHAT, CHAT_KEY, TYPE, STATUS, CONTENT) VALUES ('b1dab1cc-14a7-43a8-952a-a60d649b51f1', '9931c4f8-71d1-4a20-beef-eb16b96f5e57', 8, 'ASSISTANT', 'COMPLETED', NULL);
INSERT INTO CHAT_MESSAGE (ID, CHAT, CHAT_KEY, TYPE, STATUS, CONTENT) VALUES ('76cea7ef-36cf-42fe-9d49-3e604dfd04d0', '9931c4f8-71d1-4a20-beef-eb16b96f5e57', 9, 'ASSISTANT', 'COMPLETED', 'Creating the budget was rejected. What would you like to do now?');

INSERT INTO TOOL_CALL (ID, CHAT_MESSAGE, NAME, STATUS, ARGUMENTS, RESULT) VALUES ('7c7a07c1-0a18-4883-8e96-f1c479922417', '4cf2261c-9626-429e-9451-f4080bdb14bc', 'createBudget', 'APPROVED', '{"name":"FY27"}', NULL);
INSERT INTO TOOL_CALL (ID, CHAT_MESSAGE, NAME, STATUS, ARGUMENTS, RESULT) VALUES ('31f12df9-63b7-4d54-a025-e2f43d1c4725', '4cf2261c-9626-429e-9451-f4080bdb14bc', 'createBudget', 'REJECTED', '{"name":"FY28"}', NULL);
INSERT INTO TOOL_CALL (ID, CHAT_MESSAGE, NAME, STATUS, ARGUMENTS, RESULT) VALUES ('b835aee0-247f-4922-a087-5431cca39ad8', '1fc07ea1-3855-4740-bdbf-1a7ae9afd44d', 'createBudget', 'APPROVED', '{"name":"FY28"}', NULL);
INSERT INTO TOOL_CALL (ID, CHAT_MESSAGE, NAME, STATUS, ARGUMENTS, RESULT) VALUES ('b8f6c4be-9eff-423e-b23b-7cdabf1afb9a', 'e289c9d8-0db8-49ae-a343-eb10fd86ccff', 'createBudget', 'APPROVED', '{"name":"FY27"}', '"Done"');
INSERT INTO TOOL_CALL (ID, CHAT_MESSAGE, NAME, STATUS, ARGUMENTS, RESULT) VALUES ('783d5e39-e4e6-4ba4-baaa-b287ce8d3ab4', 'b1dab1cc-14a7-43a8-952a-a60d649b51f1', 'createBudget', 'REJECTED', '{"name":"FY28"}', NULL);
